Brands,Models,Colors,Memory,Storage,Camera,Rating,Selling Price,Original Price,Mobile,Discount,discount percentage
SAMSUNG,GALAXY M31S ,Mirage Black,8 GB,128 GB,Yes,4.3,19330,20999,SAMSUNG GALAXY M31S ,1669,7.947997524
Nokia,3.2,Steel,2 GB,16 GB,Yes,3.8,10199,10199,Nokia 3.2,0,0
realme,C2 ,Diamond Black,2 GB,,Yes,4.4,6999,7999,realme C2 ,1000,12.5015627
Infinix,Note 5,Ice Blue,4 GB,64 GB,Yes,4.2,12999,12999,Infinix Note 5,0,0
Apple,iPhone 11 ,Black,4GB,64 GB,Yes,4.6,49900,49900,Apple iPhone 11 ,0,0
GIONEE,L800,Black,8 MB,16 MB,Yes,4,2199,2199,GIONEE L800,0,0
Apple,iPhone 13 Mini ,Pink,6 GB,512 GB,Yes,,99900,99900,Apple iPhone 13 Mini ,0,0
Apple,iPhone XR ,Coral,3 GB,64 GB,Yes,4.6,42999,47900,Apple iPhone XR ,4901,10.23173278
SAMSUNG,Galaxy E5 ,Brown,1.5 GB,16 GB,Yes,4.2,20400,20400,SAMSUNG Galaxy E5 ,0,0
Xiaomi,Redmi Note 11T 5G,Aquamarine Blue,8 GB,128 GB,Yes,4.3,21736,22999,Xiaomi Redmi Note 11T 5G,1263,5.491543111
SAMSUNG,Galaxy A12 ,Black,4 GB,64 GB,Yes,4.2,11989,11989,SAMSUNG Galaxy A12 ,0,0
Apple,iPhone 11 ,Red,4GB,256 GB,Yes,4.6,64900,64900,Apple iPhone 11 ,0,0
realme,X7 5G ,Nebula,6 GB,128 GB,Yes,4.3,19999,21999,realme X7 5G ,2000,9.091322333
OPPO,A33,Moonlight Black,3 GB,32 GB,Yes,4.3,10490,12990,OPPO A33,2500,19.24557352
vivo,V23 5G,Sunshine Gold,8 GB,128 GB,Yes,4.4,29990,34990,vivo V23 5G,5000,14.28979708
vivo,Y20A 2021 ,Nebula Blue,,64 GB,Yes,3.8,39990,46990,vivo Y20A 2021 ,7000,14.89678655
Apple,iPhone 13 Mini ,Pink,6 GB,512 GB,Yes,,99900,99900,Apple iPhone 13 Mini ,0,0
SAMSUNG,Galaxy J2 Core ,Gold,1 GB,16 GB,Yes,4.2,6999,6999,SAMSUNG Galaxy J2 Core ,0,0
Lenovo,K10 Plus ,Sprite,4 GB,64 GB,Yes,4.1,13999,13999,Lenovo K10 Plus ,0,0
ASUS,Zenfone Max ,Blue,2 GB,32 GB,Yes,4.1,7699,7699,ASUS Zenfone Max ,0,0
Motorola,M,Grey,4 GB,64 GB,Yes,3.9,9999,9999,Motorola M,0,0
realme,1,Diamond Black,3 GB,,Yes,,11990,12990,realme 1,1000,7.698229407
GIONEE,Pioneer P4S ,White,1 GB,8 GB,Yes,3.5,3499,3499,GIONEE Pioneer P4S ,0,0
realme,X3 ,Arctic White,6 GB,128 GB,Yes,4.4,24999,26999,realme X3 ,2000,7.407681766
realme,Narzo 30A ,Laser Blue,3 GB,,Yes,4.3,8999,9999,realme Narzo 30A ,1000,10.0010001
realme,8 Pro ,Illuminating Yellow,6 GB,,Yes,4.3,17999,19999,realme 8 Pro ,2000,10.00050003
GIONEE,F205 Pro ,Black,2 GB,16 GB,Yes,4.1,6990,6990,GIONEE F205 Pro ,0,0
Lenovo,A6600d40 ,Black,2 GB,16 GB,Yes,4,7999,7999,Lenovo A6600d40 ,0,0
SAMSUNG,Galaxy S9 Plus ,Polaris Blue,6 GB,64 GB,Yes,4.5,70000,70000,SAMSUNG Galaxy S9 Plus ,0,0
SAMSUNG,Galaxy A30s ,Prism Crush Black,4 GB,128 GB,Yes,4.3,18199,18199,SAMSUNG Galaxy A30s ,0,0
SAMSUNG,Galaxy J6 ,Black,4 GB,64 GB,Yes,4.5,14990,14990,SAMSUNG Galaxy J6 ,0,0
SAMSUNG,Galaxy A03 Core,Blue,2 GB,32 GB,Yes,4,7999,10499,SAMSUNG Galaxy A03 Core,2500,23.8117916
SAMSUNG,Galaxy Note 9 ,Midnight Black,8 GB,512 GB,Yes,4.6,49999,49999,SAMSUNG Galaxy Note 9 ,0,0
Infinix,Hot 6 Pro,Bordeaux Red ,3 GB,32 GB,Yes,4.3,8999,8999,Infinix Hot 6 Pro,0,0
Apple,iPhone 11 ,Green,4GB,64 GB,Yes,4.6,49900,49900,Apple iPhone 11 ,0,0
SAMSUNG,Galaxy J2 - 2016 ,Gold,1.5 GB,8 GB,Yes,4,6990,6990,SAMSUNG Galaxy J2 - 2016 ,0,0
SAMSUNG,Metro 313,Black,2 MB,2 MB,Yes,4.1,2399,2399,SAMSUNG Metro 313,0,0
HTC,Desire 700,Black,1 GB,8 GB,Yes,3.8,35490,35490,HTC Desire 700,0,0
realme,X3 SuperZoom ,Arctic White,8 GB,,Yes,4.3,29999,31999,realme X3 SuperZoom ,2000,6.250195319
realme,9 Pro+ 5G,Midnight Black,8 GB,256 GB,Yes,4.4,28999,31999,realme 9 Pro+ 5G,3000,9.375292978
realme,Narzo 10 ,That Green,4 GB,128 GB,Yes,4.5,11999,12999,realme Narzo 10 ,1000,7.692899454
Motorola,E5,Fine Gold,2 GB,16 GB,Yes,4.3,10999,10999,Motorola E5,0,0
Google Pixel,3,Just Black,4 GB,64 GB,Yes,4.5,69999,69999,Google Pixel 3,0,0
ASUS,Zenfone Go 5.0 ,White,2 GB,16 GB,Yes,4,6999,6999,ASUS Zenfone Go 5.0 ,0,0
SAMSUNG,Galaxy A22 5G ,Violet,8 GB,128 GB,Yes,4.2,22450,22450,SAMSUNG Galaxy A22 5G ,0,0
GIONEE,Marathon M5 Plus ,CHAMPAGNE GOLD,3 GB,64 GB,Yes,4.1,11999,11999,GIONEE Marathon M5 Plus ,0,0
realme,GT Neo 2,Neo Blue,8 GB,128 GB,Yes,4.4,31999,34999,realme GT Neo 2,3000,8.571673476
SAMSUNG,Galaxy A9 Pro ,Black,4 GB,32 GB,Yes,4.3,22900,22900,SAMSUNG Galaxy A9 Pro ,0,0
Infinix,Smart 7,Purple,2 GB,32 GB,Yes,4.3,7499,8999,Infinix Smart 7,1500,16.66851872
Apple,iPhone 11 ,White,4GB,256 GB,Yes,4.6,64900,64900,Apple iPhone 11 ,0,0
realme,9i,Prism Black,4 GB,64 GB,Yes,4.5,13999,15999,realme 9i,2000,12.5007813
Apple,iPhone 7 Plus ,Jet Black,3 GB,128 GB,Yes,4.5,42900,42900,Apple iPhone 7 Plus ,0,0
Apple,iPhone 8 ,Silver,2 GB,64 GB,Yes,4.5,38999,39900,Apple iPhone 8 ,901,2.258145363
Motorola,Z Play,White,3 GB,32 GB,Yes,4.4,24999,24999,Motorola Z Play,0,0
Apple,iPhone 11 ,Yellow,4GB,256 GB,Yes,4.6,64900,64900,Apple iPhone 11 ,0,0
Lenovo,K4 Note ,White,3 GB,16 GB,Yes,3.9,7999,7999,Lenovo K4 Note ,0,0
OPPO,Reno4 Pro Special Edition,Starry Night,8 GB,128 GB,Yes,4.4,34990,37990,OPPO Reno4 Pro Special Edition,3000,7.896814951
OPPO,Reno7 5G,Startrails Blue,8 GB,256 GB,Yes,,28999,37990,OPPO Reno7 5G,8991,23.66675441
SAMSUNG,Galaxy Note 9 ,Ocean Blue,6 GB,128 GB,Yes,4.6,53999,73990,SAMSUNG Galaxy Note 9 ,19991,27.01851602
realme,7i ,Fusion Blue,4 GB,64 GB,Yes,4.3,13999,13999,realme 7i ,0,0
Lenovo,A390 ,White,512 MB,4 GB,Yes,3.7,7580,7580,Lenovo A390 ,0,0
SAMSUNG,Galaxy S6 Edge+ ,Gold Platinum,4 GB,32 GB,Yes,4.2,28000,61988,SAMSUNG Galaxy S6 Edge+ ,33988,54.82996709
LG,Stylus 3 ,Titan,3 GB,16 GB,Yes,3.8,9990,9990,LG Stylus 3 ,0,0
realme,Narzo 20A ,Victory Blue,3 GB,32 GB,Yes,4.3,8499,10999,realme Narzo 20A ,2500,22.72933903
GIONEE,Marathon ,Grey,2 GB,16 GB,Yes,4.4,11999,11999,GIONEE Marathon ,0,0
Xiaomi,Mi 11X Pro 5G ,Celestial Silver,8 GB,128 GB,Yes,4.2,36290,37490,Xiaomi Mi 11X Pro 5G ,1200,3.200853561
LG,G5 ,Gold,4 GB,32 GB,Yes,4,25999,25999,LG G5 ,0,0
realme,6 Pro ,Lightning Red,6 GB,64 GB,Yes,4.4,17999,17999,realme 6 Pro ,0,0
Xiaomi,REDMI Note 9 ,Pebble Grey,4 GB,64 GB,Yes,4.4,11999,14999,Xiaomi REDMI Note 9 ,3000,20.00133342
OPPO,A5s,Black,4 GB,64 GB,Yes,4.4,10990,15990,OPPO A5s,5000,31.26954346
OPPO,F1,Gold,3 GB,16 GB,Yes,4.1,15739,15739,OPPO F1,0,0
HTC,One E9+,Gold Sepia,3 GB,32 GB,Yes,3.9,38800,38800,HTC One E9+,0,0
SAMSUNG,Galaxy M30S ,Blue,4 GB,128 GB,Yes,4.3,13990,16590,SAMSUNG Galaxy M30S ,2600,15.67209162
Xiaomi,MI 11X 5G ,COSMIC BLACK,6 GB,128 GB,Yes,4.1,24492,27995,Xiaomi MI 11X 5G ,3503,12.51294874
OPPO,A3s,Red,3 GB,32 GB,Yes,4.3,12000,12000,OPPO A3s,0,0
HTC,Wildfire X ,Blue,4 GB,128 GB,Yes,3.9,16999,16999,HTC Wildfire X ,0,0
SAMSUNG,Galaxy S10 ,Prism White,8 GB,512 GB,Yes,4.6,92000,92000,SAMSUNG Galaxy S10 ,0,0
Infinix,Note 11,Glacier Green,6 GB,128 GB,Yes,4.5,14999,16999,Infinix Note 11,2000,11.76539796
SAMSUNG,Galaxy M31 ,Space Black,6 GB,128 GB,Yes,4.3,17888,17888,SAMSUNG Galaxy M31 ,0,0
SAMSUNG,Galaxy A7 2016 Edition ,White,3 GB,16 GB,Yes,4.1,20700,20700,SAMSUNG Galaxy A7 2016 Edition ,0,0
SAMSUNG,Galaxy J2 Core ,Gold,1 GB,8 GB,Yes,4.2,6200,6200,SAMSUNG Galaxy J2 Core ,0,0
OPPO,A83,Champagne,4 GB,64 GB,Yes,4.3,16990,16990,OPPO A83,0,0
Xiaomi,11i Hypercharge 5G,Stealth Black,6 GB,128 GB,Yes,4.2,26999,31999,Xiaomi 11i Hypercharge 5G,5000,15.6254883
ASUS,Zenfone C ,White,1 GB,8 GB,Yes,3.8,6299,6299,ASUS Zenfone C ,0,0
SAMSUNG,Galaxy F12 ,Sky Blue,4 GB,128 GB,Yes,4.2,12499,13999,SAMSUNG Galaxy F12 ,1500,10.71505108
SAMSUNG,Galaxy F23 5G,Forest Green,4 GB,128 GB,Yes,4,15999,22999,SAMSUNG Galaxy F23 5G,7000,30.43610592
Xiaomi,Redmi Note 5 ,Gold,4 GB,64 GB,Yes,4.4,11499,11499,Xiaomi Redmi Note 5 ,0,0
OPPO,A5s,Blue,3 GB,32 GB,Yes,4.4,13750,13750,OPPO A5s,0,0
SAMSUNG,Galaxy S6 Edge ,Black Sapphire,3 GB,32 GB,Yes,4,37299,37299,SAMSUNG Galaxy S6 Edge ,0,0
OPPO,F15,Blazing Blue,4 GB,128 GB,Yes,4.4,15990,20990,OPPO F15,5000,23.82086708
realme,5 Pro ,Chroma White,8 GB,128 GB,Yes,4.5,16999,16999,realme 5 Pro ,0,0
Apple,iPhone 12 ,Red,4GB,128 GB,Yes,4.6,68999,70900,Apple iPhone 12 ,1901,2.681241185
Apple,iPhone 12 Pro Max ,Gold,,512 GB,Yes,4.6,149900,149900,Apple iPhone 12 Pro Max ,0,0
OPPO,Reno2 F,Lake Green,6 GB,256 GB,Yes,4.4,19990,19990,OPPO Reno2 F,0,0
realme,X50 Pro 5G ,Rust Red,12 GB,256 GB,Yes,4.3,47999,47999,realme X50 Pro 5G ,0,0
OPPO,F19 Pro,Crystal Silver,8 GB,256 GB,Yes,4.3,23490,25990,OPPO F19 Pro,2500,9.619084263
OPPO,F7,Silver,4 GB,64 GB,Yes,4.4,22990,22990,OPPO F7,0,0
GIONEE,F8 Neo ,Black,2 GB,32 GB,Yes,3.9,6499,6499,GIONEE F8 Neo ,0,0
LG,Stylus 2 Plus ,Titan,3 GB,16 GB,Yes,4.1,14250,14250,LG Stylus 2 Plus ,0,0
Xiaomi,Mi 11X ,Lunar White,8 GB,128 GB,Yes,4.5,26758,26758,Xiaomi Mi 11X ,0,0
Apple,iPhone 11 Pro Max ,Gold,4GB,256 GB,Yes,4.7,131900,131900,Apple iPhone 11 Pro Max ,0,0
Nokia,G20 ,Glacier Blue,4 GB,64 GB,Yes,,13549,13549,Nokia G20 ,0,0
OPPO,Reno3 Pro,Midnight Black,8 GB,256 GB,Yes,4.4,26798,28989,OPPO Reno3 Pro,2191,7.558039256
LG,Spirit 4G LTE ,Black Titan,1 GB,8 GB,Yes,3.7,12500,12500,LG Spirit 4G LTE ,0,0
OPPO,F3 Plus,Gold,4 GB,64 GB,Yes,4.3,12990,12990,OPPO F3 Plus,0,0
vivo,V20 Pro ,Midnight Jazz,4 GB,128 GB,Yes,4.3,10990,10990,vivo V20 Pro ,0,0
LG,G7+ ThinQ ,Platinum,6 GB,128 GB,Yes,4.4,55000,55000,LG G7+ ThinQ ,0,0
LG,Optimus L70 ,Black,1 GB,4 GB,Yes,4,12791,12791,LG Optimus L70 ,0,0
OPPO,A37f,Gold,2 GB,16 GB,Yes,4.2,9990,9990,OPPO A37f,0,0
SAMSUNG,Galaxy J7 Nxt ,Black,3 GB,32 GB,Yes,4.3,14995,14995,SAMSUNG Galaxy J7 Nxt ,0,0
OPPO,A7,Glaring Gold,4 GB,64 GB,Yes,4.4,10990,18990,OPPO A7,8000,42.12743549
OPPO,A15,Mystery Blue,3 GB,32 GB,Yes,4.3,10990,12990,OPPO A15,2000,15.39645881
realme,8 5G ,Supersonic Black,4 GB,128 GB,Yes,4.3,16499,16999,realme 8 5G ,500,2.941349491
realme,C35,Glowing Green,4 GB,128 GB,Yes,4.5,12999,14999,realme C35,2000,13.33422228
GIONEE,A1 Plus ,Gold,4 GB,64 GB,Yes,4.1,10499,10499,GIONEE A1 Plus ,0,0
Infinix,Note 7,Bolivia Blue,4 GB,64 GB,Yes,4.3,14999,14999,Infinix Note 7,0,0
Nokia,Lumia 510 ,Black,512 MB,4 GB,Yes,4,10999,10999,Nokia Lumia 510 ,0,0
SAMSUNG,Galaxy F02s ,Diamond Black,3 GB,32 GB,Yes,4.2,9499,10499,SAMSUNG Galaxy F02s ,1000,9.52471664
POCO,M3 ,Cool Blue,6 GB,64 GB,Yes,4.3,11999,12999,POCO M3 ,1000,7.692899454
IQOO,3,Quantum Silver,8 GB,256 GB,Yes,4.4,37990,40990,IQOO 3,3000,7.318858258
SAMSUNG,Guru Music 2,Black,,2 MB,Yes,4.3,1625,1625,SAMSUNG Guru Music 2,0,0
SAMSUNG,Galaxy A5 ,Pearl White,2 GB,16 GB,Yes,4.1,17990,17990,SAMSUNG Galaxy A5 ,0,0
Motorola,M,Gold,4 GB,64 GB,Yes,3.9,12999,12999,Motorola M,0,0
LG,Q6+ ,Black,4 GB,64 GB,Yes,3.9,19990,19990,LG Q6+ ,0,0
GIONEE,P5L ,Black,1 GB,16 GB,Yes,3.7,3990,3990,GIONEE P5L ,0,0
SAMSUNG,Galaxy J5 Prime ,Gold,3 GB,32 GB,Yes,4.3,13900,13900,SAMSUNG Galaxy J5 Prime ,0,0
Apple,iPhone 6s ,Silver,2 GB,32 GB,Yes,4.5,25299,29900,Apple iPhone 6s ,4601,15.38795987
SAMSUNG,Tizen Z3 ,Black,1 GB,8 GB,Yes,3.3,4999,4999,SAMSUNG Tizen Z3 ,0,0
SAMSUNG,Galaxy A50 ,Black,6 GB,64 GB,Yes,4.4,24000,24000,SAMSUNG Galaxy A50 ,0,0
LG,Candy K9 ,Moroccan Blue,2 GB,16 GB,Yes,4.1,5899,7833,LG Candy K9 ,1934,24.69041236
ASUS,Zenfone Max Pro M1 ,Blue,4 GB,64 GB,Yes,4.3,15599,15599,ASUS Zenfone Max Pro M1 ,0,0
realme,C21Y ,Cross Black,3 GB,,Yes,,8999,9999,realme C21Y ,1000,10.0010001
Xiaomi,11i 5G,Stealth Black,6 GB,128 GB,Yes,4.3,24999,29999,Xiaomi 11i 5G,5000,16.66722224
realme,8i ,Space Purple,6 GB,128 GB,Yes,,15999,17999,realme 8i ,2000,11.11172843
ASUS,Zenfone Go ,Blue,2 GB,32 GB,Yes,3.8,7499,7499,ASUS Zenfone Go ,0,0
Apple,iPhone 6s ,Gold,2 GB,128 GB,Yes,4.5,55999,55999,Apple iPhone 6s ,0,0
Nokia,XPlus ,Bright Green,768 MB,4 GB,Yes,3.8,7990,7990,Nokia XPlus ,0,0
SAMSUNG,Galaxy A21s ,Black,4 GB,64 GB,Yes,4.2,14999,17999,SAMSUNG Galaxy A21s ,3000,16.66759264
Apple,iPhone 13 ,Starlight,4GB,512 GB,Yes,,109900,109900,Apple iPhone 13 ,0,0
ASUS,ZenFone Max M2 ,Black,4 GB,64 GB,Yes,4.3,14999,14999,ASUS ZenFone Max M2 ,0,0
LG,L60 Dual ,White,512 MB,4 GB,Yes,3.7,8800,8800,LG L60 Dual ,0,0
ASUS,ZenFone Max Pro M2 ,Blue,3 GB,32 GB,Yes,4.3,15999,15999,ASUS ZenFone Max Pro M2 ,0,0
OPPO,F11,Jewelry White,6 GB,128 GB,Yes,4.4,17990,23990,OPPO F11,6000,25.01042101
SAMSUNG,Galaxy A12 ,White,6 GB,128 GB,Yes,3.9,16499,17999,SAMSUNG Galaxy A12 ,1500,8.333796322
OPPO,Reno2 Z,Luminous Black,8 GB,256 GB,Yes,4.5,29489,29489,OPPO Reno2 Z,0,0
Apple,iPhone XR ,Yellow,3 GB,64 GB,Yes,4.6,42999,47900,Apple iPhone XR ,4901,10.23173278
Apple,iPhone 12 Pro ,Gold,6 GB,256 GB,Yes,4.6,119900,119900,Apple iPhone 12 Pro ,0,0
SAMSUNG,Galaxy S9 Plus ,Burgundy Red,6 GB,64 GB,Yes,4.5,70000,70000,SAMSUNG Galaxy S9 Plus ,0,0
OPPO,A5,Diamond Blue,4 GB,32 GB,Yes,4.4,15000,15000,OPPO A5,0,0
realme,GT 5G ,Racing Yellow,12 GB,256 GB,Yes,4.3,41999,43999,realme GT 5G ,2000,4.545557854
vivo,Y20 T,Obsidian Black,6 GB,64 GB,Yes,4.3,15490,19490,vivo Y20 T,4000,20.52334531
SAMSUNG,Galaxy A80 ,Angel Gold,8 GB,128 GB,Yes,4.4,28490,33450,SAMSUNG Galaxy A80 ,4960,14.82810164
Apple,iPhone 13 Pro Max,Gold,4GB,256 GB,Yes,4.7,139900,139900,Apple iPhone 13 Pro Max,0,0
SAMSUNG,Galaxy M32 ,Black,6 GB,128 GB,Yes,4.4,16980,18200,SAMSUNG Galaxy M32 ,1220,6.703296703
SAMSUNG,Galaxy S6 Edge ,White Pearl,3 GB,32 GB,Yes,4,44900,44900,SAMSUNG Galaxy S6 Edge ,0,0
realme,X ,Garlic,8 GB,128 GB,Yes,4.5,20999,20999,realme X ,0,0
Apple,iPhone 6s Plus ,Rose Gold,2 GB,128 GB,Yes,4.4,70000,70000,Apple iPhone 6s Plus ,0,0
OPPO,F17,Classic Silver,8 GB,128 GB,Yes,4.3,22990,22990,OPPO F17,0,0
vivo,V21 5G ,Neon Spark,8 GB,128 GB,Yes,4.3,32990,32990,vivo V21 5G ,0,0
Motorola,E7 Power ,Coral Red,2 GB,32 GB,Yes,4.1,6999,9999,Motorola E7 Power ,3000,30.0030003
GIONEE,X1s ,Black,3 GB,16 GB,Yes,4,6475,6475,GIONEE X1s ,0,0
Nokia,C01 Plus ,Blue,2 GB,16 GB,Yes,,6499,6499,Nokia C01 Plus ,0,0
OPPO,A53,Moonlight Black,4 GB,64 GB,Yes,4.5,11990,15990,OPPO A53,4000,25.01563477
realme,9i,Prism Blue,6 GB,128 GB,Yes,4.4,15999,17999,realme 9i,2000,11.11172843
realme,X2 Pro ,Lunar White,12 GB,256 GB,Yes,4.6,35999,35999,realme X2 Pro ,0,0
Google Pixel,2 XL ,Just Black,4 GB,128 GB,Yes,4.6,82000,82000,Google Pixel 2 XL ,0,0
SAMSUNG,Galaxy S3 Neo ,Black,1.5 GB,16 GB,Yes,4.3,13499,13499,SAMSUNG Galaxy S3 Neo ,0,0
LG,W10 ,Smokey Gray,3 GB,32 GB,Yes,3.9,6999,9999,LG W10 ,3000,30.0030003
SAMSUNG,Galaxy A12 ,White,4 GB,64 GB,Yes,4.2,15999,15999,SAMSUNG Galaxy A12 ,0,0
SAMSUNG,Galaxy A72 ,Awesome White,8 GB,256 GB,Yes,4.3,37999,43999,SAMSUNG Galaxy A72 ,6000,13.63667356
SAMSUNG,Galaxy A20 ,Gold,3 GB,32 GB,Yes,4.3,12900,12900,SAMSUNG Galaxy A20 ,0,0
OPPO,A54,Crystal Black,4 GB,64 GB,Yes,4.3,14990,14990,OPPO A54,0,0
SAMSUNG,Galaxy A21s ,Black,6 GB,128 GB,Yes,4.2,17499,18999,SAMSUNG Galaxy A21s ,1500,7.895152376
POCO,M2 Pro,Green and Greener,6 GB,128 GB,Yes,4.3,15999,19999,POCO M2 Pro,4000,20.00100005
OPPO,A12,Blue,4 GB,64 GB,Yes,4.4,10490,11990,OPPO A12,1500,12.51042535
OPPO,A12,Black,4 GB,64 GB,Yes,4.4,10990,10990,OPPO A12,0,0
Infinix,Hot 8,Shark Grey,4 GB,64 GB,Yes,4.5,9999,9999,Infinix Hot 8,0,0
LG,G6 ,White,4 GB,64 GB,Yes,4.2,24998,49999,LG G6 ,25001,50.00300006
Apple,iPhone 11 ,White,4GB,256 GB,Yes,4.6,64900,64900,Apple iPhone 11 ,0,0
SAMSUNG,Tizen Z3 ,Silver,1 GB,8 GB,Yes,3.3,4999,8999,SAMSUNG Tizen Z3 ,4000,44.44938326
OPPO,A52,Stream White,6 GB,128 GB,Yes,4.3,16990,19990,OPPO A52,3000,15.00750375
SAMSUNG,M21 2021 Edition ,Arctic blue,4 GB,64 GB,Yes,4,13224,13899,SAMSUNG M21 2021 Edition ,675,4.856464494
Google Pixel,3a XL ,Just Black,4 GB,64 GB,Yes,4.5,44999,44999,Google Pixel 3a XL ,0,0
SAMSUNG,Metro 313 Dual Sim,Black,10 MB,2 MB,Yes,4.3,2290,2290,SAMSUNG Metro 313 Dual Sim,0,0
OPPO,F3 Plus,Black,6 GB,64 GB,Yes,4.3,22990,22990,OPPO F3 Plus,0,0
realme,1,Diamond Red,3 GB,,Yes,,11900,12990,realme 1,1090,8.391070054
ASUS,Zenfone Max Pro M1 ,Blue,6 GB,64 GB,Yes,4.3,17999,17999,ASUS Zenfone Max Pro M1 ,0,0
Apple,iPhone 7 ,Rose Gold,2 GB,128 GB,Yes,4.5,34900,34900,Apple iPhone 7 ,0,0
SAMSUNG,Galaxy F23 5G,Aqua Blue,4 GB,128 GB,Yes,4,15999,22999,SAMSUNG Galaxy F23 5G,7000,30.43610592
SAMSUNG,Galaxy S20 FE ,Cloud Lavender,8 GB,128 GB,Yes,4,49999,65999,SAMSUNG Galaxy S20 FE ,16000,24.24279156
SAMSUNG,Galaxy S10 Plus ,Prism Blue,8 GB,128 GB,Yes,4.6,59900,59900,SAMSUNG Galaxy S10 Plus ,0,0
Lenovo,K9 ,Black,3 GB,32 GB,Yes,4.2,9999,9999,Lenovo K9 ,0,0
Xiaomi,Redmi Note 9 Pro ,Glacier White,4 GB,64 GB,Yes,4.3,16488,16999,Xiaomi Redmi Note 9 Pro ,511,3.00605918
SAMSUNG,Galaxy M01 ,Black,3 GB,32 GB,Yes,4.2,8780,8780,SAMSUNG Galaxy M01 ,0,0
Nokia,5,Silver,3 GB,16 GB,Yes,4.1,7139,7139,Nokia 5,0,0
Apple,iPhone 11 ,White,4GB,128 GB,Yes,4.6,54900,54900,Apple iPhone 11 ,0,0
Xiaomi,Mi 11 Lite ,Vinyl Black,6 GB,128 GB,Yes,4.3,21999,24999,Xiaomi Mi 11 Lite ,3000,12.00048002
Nokia,5310 TA-1212 DS,Black,8 MB,16 MB,Yes,4.2,3740,3740,Nokia 5310 TA-1212 DS,0,0
Apple,iPhone 13 Pro ,Silver,6 GB,512 GB,Yes,,149900,149900,Apple iPhone 13 Pro ,0,0
SAMSUNG,Guru 1200,Black,,2 MB,Yes,4.3,1100,1100,SAMSUNG Guru 1200,0,0
Infinix,Hot 9,Violet,4 GB,64 GB,Yes,4.4,11999,11999,Infinix Hot 9,0,0
SAMSUNG,Galaxy J1 Ace ,Black,512 MB,4 GB,Yes,3.9,4988,4988,SAMSUNG Galaxy J1 Ace ,0,0
OPPO,F11 Pro,Aurora Green,6 GB,64 GB,Yes,4.5,16890,28990,OPPO F11 Pro,12100,41.73853053
Xiaomi,Mi A2 ,Black,4 GB,64 GB,Yes,4.3,11990,12899,Xiaomi Mi A2 ,909,7.047057911
OPPO,Neo 7 4G,White,1 GB,16 GB,Yes,3.8,8490,8490,OPPO Neo 7 4G,0,0
Apple,iPhone 11 Pro ,Space Grey,4GB,64 GB,Yes,4.6,79999,106600,Apple iPhone 11 Pro ,26601,24.95403377
ASUS,Zenfone Selfie ,Gold,2 GB,16 GB,Yes,3.9,15999,15999,ASUS Zenfone Selfie ,0,0
OPPO,F15,Lightening Black,8 GB,128 GB,Yes,4.4,18990,22990,OPPO F15,4000,17.39886907
vivo,Z1 Pro,Sonic Black,4 GB,64 GB,Yes,4.5,15990,15990,vivo Z1 Pro,0,0
Xiaomi,REDMI 9 Power ,Blazing Blue,4 GB,64 GB,Yes,4.4,11499,13999,Xiaomi REDMI 9 Power ,2500,17.85841846
SAMSUNG,Galaxy A10s ,Black,2 GB,32 GB,Yes,4.4,10000,10000,SAMSUNG Galaxy A10s ,0,0
GIONEE,P7 Max ,Grey,3 GB,32 GB,Yes,3.9,5950,5950,GIONEE P7 Max ,0,0
Xiaomi,Redmi Note 5 Pro ,Blue,4 GB,64 GB,Yes,4.4,14999,14999,Xiaomi Redmi Note 5 Pro ,0,0
LG,W30 Plus ,Thunder blue,4 GB,64 GB,Yes,3.8,12950,12950,LG W30 Plus ,0,0
Apple,iPhone 11 Pro ,Silver,4GB,64 GB,Yes,4.6,79999,106600,Apple iPhone 11 Pro ,26601,24.95403377
OPPO,F17 PRO,Gold,8 GB,128 GB,Yes,4.3,21999,21999,OPPO F17 PRO,0,0
Apple,iPhone 13 Mini ,Blue,4 GB,256 GB,Yes,,79900,79900,Apple iPhone 13 Mini ,0,0
realme,X2 ,Pearl White,8 GB,256 GB,Yes,4.5,24999,24999,realme X2 ,0,0
Infinix,Note 10 Pro,Purple,8 GB,256 GB,Yes,4.2,16999,19999,Infinix Note 10 Pro,3000,15.00075004
realme,Narzo 30A ,Laser Blue,4 GB,,Yes,4.3,10499,10999,realme Narzo 30A ,500,4.545867806
realme,X2 ,Pearl Blue,8 GB,128 GB,Yes,4.5,20999,20999,realme X2 ,0,0
realme,GT Neo 2,Neo Blue,12 GB,256 GB,Yes,4.4,35999,38999,realme GT Neo 2,3000,7.692504936
Infinix,Hot 10 Play,Obsidian Black,4 GB,64 GB,Yes,4.3,9299,10999,Infinix Hot 10 Play,1700,15.45595054
Motorola,Z2 Play,Lunar Gray,4 GB,64 GB,Yes,4.4,27999,27999,Motorola Z2 Play,0,0
Xiaomi,Redmi Y3 ,Elegant Blue,3 GB,32 GB,Yes,4.3,9450,9450,Xiaomi Redmi Y3 ,0,0
realme,9 Pro 5G,Midnight Black,6 GB,128 GB,Yes,4.4,17999,21999,realme 9 Pro 5G,4000,18.18264467
vivo,V21 5G ,Dusk Blue,8 GB,256 GB,Yes,4.3,14990,14990,vivo V21 5G ,0,0
realme,9 Pro+ 5G,Midnight Black,8 GB,128 GB,Yes,4.4,26999,29999,realme 9 Pro+ 5G,3000,10.00033334
SAMSUNG,Galaxy A52 ,Awesome Black,6 GB,128 GB,Yes,4.3,27499,30499,SAMSUNG Galaxy A52 ,3000,9.836388078
ASUS,ZenFone Lite L1 ,Gold,2 GB,16 GB,Yes,4.2,7199,7199,ASUS ZenFone Lite L1 ,0,0
realme,9 Pro 5G,Aurora Green,8 GB,128 GB,Yes,4.4,20999,23999,realme 9 Pro 5G,3000,12.50052086
HTC,Desire 526G Plus,Glacier Blue,1 GB,16 GB,Yes,4,6999,6999,HTC Desire 526G Plus,0,0
Apple,iPhone XS Max ,Gold,4 GB,64 GB,Yes,4.6,73999,109900,Apple iPhone XS Max ,35901,32.66696997
Google Pixel,4a ,Just Black,6 GB,128 GB,Yes,4.5,31999,31999,Google Pixel 4a ,0,0
SAMSUNG,On7 Pro ,Gold,2 GB,16 GB,Yes,4.1,5990,9499,SAMSUNG On7 Pro ,3509,36.9407306
realme,Narzo 50A ,Oxygen Green,4 GB,64 GB,Yes,4.3,11499,12999,realme Narzo 50A ,1500,11.53934918
vivo,Y20G ,Purist Blue,3 GB,16 GB,Yes,4.3,18990,20990,vivo Y20G ,2000,9.528346832
realme,8,Cyber Silver,4 GB,,Yes,4.3,15999,16999,realme 8,1000,5.882698982
GIONEE,P5L ,Blue,1 GB,16 GB,Yes,3.7,4899,8999,GIONEE P5L ,4100,45.56061785
SAMSUNG,Galaxy S4 Zoom ,White,1.5 GB,8 GB,Yes,3.8,19999,19999,SAMSUNG Galaxy S4 Zoom ,0,0
Motorola,M,Gold,3 GB,32 GB,Yes,3.9,14999,14999,Motorola M,0,0
Apple,iPhone 13 Pro Max ,Silver,6 GB,256 GB,Yes,,139900,139900,Apple iPhone 13 Pro Max ,0,0
SAMSUNG,Sm-B110E/D,Black,,2 MB,Yes,4.1,1599,1599,SAMSUNG Sm-B110E/D,0,0
Infinix,Note 10,Purple,6 GB,128 GB,Yes,4.2,12499,14999,Infinix Note 10,2500,16.66777785
OPPO,A53,Fairy White,4 GB,64 GB,Yes,4.5,13499,13499,OPPO A53,0,0
Xiaomi,Redmi 8 ,Sapphire Blue,4 GB,64 GB,Yes,4.3,10999,10999,Xiaomi Redmi 8 ,0,0
realme,8,Cyber Black,8 GB,128 GB,Yes,4.3,17999,18999,realme 8,1000,5.263434918
vivo,X50  ,Frost Blue,8 GB,256 GB,Yes,5,44990,44990,vivo X50  ,0,0
LG,G7 ThinQ ,Black,4 GB,64 GB,Yes,4.4,50000,50000,LG G7 ThinQ ,0,0
GIONEE,S11 Lite ,Dark Blue,4 GB,32 GB,Yes,4,8750,8750,GIONEE S11 Lite ,0,0
Apple,iPhone 7 Plus ,Rose Gold,3 GB,32 GB,Yes,4.5,36999,37900,Apple iPhone 7 Plus ,901,2.377308707
GIONEE,Pioneer P3S ,Grey,1 GB,16 GB,Yes,3.8,3990,3990,GIONEE Pioneer P3S ,0,0
LG,G6 ,Black,4 GB,64 GB,Yes,4.2,22990,55000,LG G6 ,32010,58.2
realme,X3 SuperZoom ,Glacier Blue,8 GB,128 GB,Yes,4.3,27999,29999,realme X3 SuperZoom ,2000,6.666888896
SAMSUNG,Galaxy J2 Ace ,Gold,1.5 GB,8 GB,Yes,4.1,8090,8090,SAMSUNG Galaxy J2 Ace ,0,0
Xiaomi,11i Hypercharge 5G,Camo Green,8 GB,128 GB,Yes,4.3,28999,33999,Xiaomi 11i Hypercharge 5G,5000,14.70631489
Nokia,106,Black,,2 MB,Yes,3.9,1519,1519,Nokia 106,0,0
OPPO,K1,Astral Blue,4 GB,64 GB,Yes,4.4,14990,18990,OPPO K1,4000,21.06371775
realme,8 Pro ,Infinite Black,8 GB,128 GB,Yes,4.4,19999,21999,realme 8 Pro ,2000,9.091322333
SAMSUNG,Metro 313,Black,,2 MB,Yes,4.1,2299,2299,SAMSUNG Metro 313,0,0
Nokia,7.2,Ice,6 GB,64 GB,Yes,4.1,20999,20999,Nokia 7.2,0,0
SAMSUNG,Galaxy S5 ,Electric Blue,2 GB,16 GB,Yes,3.9,21999,21999,SAMSUNG Galaxy S5 ,0,0
SAMSUNG,Galaxy A03s ,Blue,4 GB,64 GB,Yes,4.2,12499,14499,SAMSUNG Galaxy A03s ,2000,13.79405476
SAMSUNG,Metro 350,Black,32 MB,2 MB,Yes,4.1,2815,2815,SAMSUNG Metro 350,0,0
POCO,C3 ,Arctic Blue,3 GB,32 GB,Yes,4.3,7999,9999,POCO C3 ,2000,20.0020002
Nokia,8,Polished Copper,4 GB,64 GB,Yes,4,39000,39000,Nokia 8,0,0
Apple,iPhone XS Max ,Space Grey,4 GB,64 GB,Yes,4.6,73999,109900,Apple iPhone XS Max ,35901,32.66696997
Apple,iPhone 6s,Silver,2 GB,32 GB,Yes,,29900,29900,Apple iPhone 6s,0,0
realme,5i ,Aqua Blue,4 GB,64 GB,Yes,4.5,10999,10999,realme 5i ,0,0
realme,8 Pro ,Infinite Blue,6 GB,,Yes,4.3,17999,19999,realme 8 Pro ,2000,10.00050003
ASUS,Zenfone Max ,White,2 GB,16 GB,Yes,4.1,7499,7499,ASUS Zenfone Max ,0,0
realme,2,Diamond Red,3 GB,32 GB,Yes,4.5,9990,9990,realme 2,0,0
Xiaomi,Redmi 9A ,Midnight Black,3 GB,32 GB,Yes,4.4,8389,8389,Xiaomi Redmi 9A ,0,0
HTC,526G Plus,Fervor Red,1 GB,16 GB,Yes,4,12400,12400,HTC 526G Plus,0,0
Infinix,Hot 10,Ocean Wave,4 GB,64 GB,Yes,4.4,11999,11999,Infinix Hot 10,0,0
realme,5 Pro ,Crystal Green,8 GB,128 GB,Yes,4.5,16999,17999,realme 5 Pro ,1000,5.555864215
vivo,V11 Pro,Dazzling Gold,6 GB,64 GB,Yes,4.5,25990,25990,vivo V11 Pro,0,0
SAMSUNG,Galaxy J1 ,Gold,1 GB,8 GB,Yes,4,7550,7550,SAMSUNG Galaxy J1 ,0,0
Google Pixel,3 XL ,Just Black,4 GB,128 GB,Yes,4.6,92000,92000,Google Pixel 3 XL ,0,0
OPPO,F11 Pro,Aurora Green,6 GB,128 GB,Yes,4.5,17990,29990,OPPO F11 Pro,12000,40.01333778
SAMSUNG,Galaxy A12 ,Blue,6 GB,128 GB,Yes,3.9,16499,17999,SAMSUNG Galaxy A12 ,1500,8.333796322
OPPO,F11,Marble Green,6 GB,128 GB,Yes,4.4,17990,23990,OPPO F11,6000,25.01042101
SAMSUNG,Galaxy F62 ,Laser Blue,8 GB,128 GB,Yes,4.3,25999,31999,SAMSUNG Galaxy F62 ,6000,18.75058596
ASUS,Zenfone Max Pro M1 ,Blue,3 GB,32 GB,Yes,4.3,13199,13199,ASUS Zenfone Max Pro M1 ,0,0
Apple,iPhone 7 ,Gold,2 GB,32 GB,Yes,4.5,24999,31500,Apple iPhone 7 ,6501,20.63809524
vivo,Y1s ,Olive Black,6 GB,64 GB,Yes,4.4,28499,34990,vivo Y1s ,6491,18.55101458
Lenovo,K8 ,Venom Black,3 GB,32 GB,Yes,4.1,7490,11499,Lenovo K8 ,4009,34.86390121
Apple,iPhone 13 mini,Green,4GB,512 GB,Yes,4.6,94900,99900,Apple iPhone 13 mini,5000,5.005005005
SAMSUNG,Galaxy A52s 5G ,Awesome White,8 GB,128 GB,Yes,4.5,37499,40999,SAMSUNG Galaxy A52s 5G ,3500,8.53679358
Xiaomi,Redmi 6A ,Rose Gold,2 GB,32 GB,Yes,4.3,7699,7699,Xiaomi Redmi 6A ,0,0
Xiaomi,Redmi Note 7 Pro ,Neptune Blue,6 GB,64 GB,Yes,4.3,16999,16999,Xiaomi Redmi Note 7 Pro ,0,0
vivo,Y90,Black,2 GB,16 GB,Yes,4.4,7990,7990,vivo Y90,0,0
OPPO,Reno6 5G,Aurora,8 GB,128 GB,Yes,4.3,29990,35990,OPPO Reno6 5G,6000,16.67129758
realme,Narzo 20 ,Glory Silver,4 GB,64 GB,Yes,4.3,10499,12999,realme Narzo 20 ,2500,19.23224863
Nokia,107 Dual SIM,Black,4 MB,Expandable Upto 16 GB,Yes,4.2,1900,1900,Nokia 107 Dual SIM,0,0
Xiaomi,Redmi Note 6 Pro ,Red,4 GB,64 GB,Yes,4.4,12499,12499,Xiaomi Redmi Note 6 Pro ,0,0
realme,X2 ,Pearl Blue,4 GB,64 GB,Yes,4.5,17999,17999,realme X2 ,0,0
Apple,iPhone 6s ,Space Grey,2 GB,64 GB,Yes,4.5,49999,49999,Apple iPhone 6s ,0,0
Apple,iPhone 11 ,Red,4GB,128 GB,Yes,4.6,54900,54900,Apple iPhone 11 ,0,0
Nokia,5.4,Polar Night,4 GB,64 GB,Yes,3.9,12999,16799,Nokia 5.4,3800,22.62039407
realme,X3 SuperZoom ,Arctic White,8 GB,128 GB,Yes,4.3,27999,29999,realme X3 SuperZoom ,2000,6.666888896
Motorola,C,Pearl White,1 GB,16 GB,Yes,3.9,5499,5499,Motorola C,0,0
realme,C25 ,Watery Grey,4 GB,64 GB,Yes,4.4,9999,10999,realme C25 ,1000,9.091735612
realme,6,Comet White,6 GB,,Yes,4.4,14999,17999,realme 6,3000,16.66759264
Apple,iPhone XR ,Black,3 GB,256 GB,Yes,4.6,91900,91900,Apple iPhone XR ,0,0
OPPO,F19,Midnight Blue,6 GB,128 GB,Yes,4.2,19990,20990,OPPO F19,1000,4.764173416
ASUS,ROG ,Black,8 GB,128 GB,Yes,4.3,26499,83999,ASUS ROG ,57500,68.45319587
SAMSUNG,Galaxy J6 ,Gold,3 GB,32 GB,Yes,4.4,12990,12990,SAMSUNG Galaxy J6 ,0,0
Lenovo,A7 ,Blue,4 GB,64 GB,Yes,3.9,7990,9999,Lenovo A7 ,2009,20.0920092
OPPO,A54,Starry Blue,6 GB,128 GB,Yes,4.3,16990,17990,OPPO A54,1000,5.558643691
vivo,Y53s ,Deep Sea Blue,6 GB,64 GB,Yes,4.5,16989,16989,vivo Y53s ,0,0
Lenovo,A328 ,Black,1 GB,4 GB,Yes,3.8,7499,7499,Lenovo A328 ,0,0
Apple,iPhone 11 Pro Max ,Space Grey,4GB,256 GB,Yes,4.7,131900,131900,Apple iPhone 11 Pro Max ,0,0
GIONEE,F11 ,Black,3 GB,32 GB,Yes,4,6899,6950,GIONEE F11 ,51,0.73381295
Nokia,6,Tempered Blue,3 GB,32 GB,Yes,3.9,13990,13990,Nokia 6,0,0
vivo,Y1S ,Aurora Blue,4 GB,32 GB,Yes,4.4,22654,22654,vivo Y1S ,0,0
Infinix,Note 11 ,Celestial Snow,6 GB,128 GB,Yes,4.5,14499,16999,Infinix Note 11 ,2500,14.70674746
realme,C20 ,Cool Grey,2 GB,32 GB,Yes,4.4,7499,7999,realme C20 ,500,6.250781348
Apple,iPhone 6s ,Rose Gold,2 GB,16 GB,Yes,4.5,31999,31999,Apple iPhone 6s ,0,0
Xiaomi,Redmi 9 ,Sky Blue,4 GB,64 GB,Yes,4.4,10121,10121,Xiaomi Redmi 9 ,0,0
OPPO,A31,Fantasy White,6 GB,128 GB,Yes,4.3,13899,13899,OPPO A31,0,0
Xiaomi,Redmi 9A ,Midnight Black,2 GB,32 GB,Yes,4.5,7589,7589,Xiaomi Redmi 9A ,0,0
LG,Q6 ,Platinum,3 GB,32 GB,Yes,4,16990,16990,LG Q6 ,0,0
Apple,iPhone 13 Pro Max ,Gold,6 GB,1 TB,Yes,,179900,179900,Apple iPhone 13 Pro Max ,0,0
SAMSUNG,Galaxy A30s ,Prism Crush White,4 GB,128 GB,Yes,4.3,19900,19900,SAMSUNG Galaxy A30s ,0,0
HTC,U11,Solar Red,6 GB,128 GB,Yes,4.6,53990,53990,HTC U11,0,0
Infinix,Smart 5,Aegean Blue,2 GB,32 GB,Yes,4.3,7499,8999,Infinix Smart 5,1500,16.66851872
Motorola,G30 ,Dark Pearl,4 GB,64 GB,Yes,4.1,10999,14999,Motorola G30 ,4000,26.66844456
POCO,M2  ,Brick Red,6 GB,128 GB,Yes,4.4,11499,14999,POCO M2  ,3500,23.33488899
SAMSUNG,Galaxy J2 Core ,Blue,1 GB,16 GB,Yes,4.2,6999,6999,SAMSUNG Galaxy J2 Core ,0,0
SAMSUNG,Galaxy S20+ ,Cosmic Black,8 GB,128 GB,Yes,4.4,54999,83000,SAMSUNG Galaxy S20+ ,28001,33.73614458
Apple,iPhone 13 Mini ,Midnight,4 GB,256 GB,Yes,,79900,79900,Apple iPhone 13 Mini ,0,0
SAMSUNG,Galaxy M42 ,Prism Dot Black,8 GB,128 GB,Yes,4.3,29998,29998,SAMSUNG Galaxy M42 ,0,0
HTC,620G,Santorini White,1 GB,8 GB,Yes,3.9,7999,7999,HTC 620G,0,0
GIONEE,M7 Power ,Blue,4 GB,64 GB,Yes,4.1,9250,9250,GIONEE M7 Power ,0,0
OPPO,K1,Astral Blue,6 GB,64 GB,Yes,4.3,13990,20990,OPPO K1,7000,33.34921391
Motorola,G40 Fusion ,Frosted Champagne,6 GB,128 GB,Yes,4.3,16499,19999,Motorola G40 Fusion ,3500,17.50087504
Motorola,Edge 20 Fusion ,Cyber Teal,6 GB,128 GB,Yes,3.9,21499,24999,Motorola Edge 20 Fusion ,3500,14.00056002
Nokia,C01 Plus ,Blue,2 GB,16 GB,Yes,,6499,6499,Nokia C01 Plus ,0,0
Apple,iPhone 12 Pro Max ,Gold,,128 GB,Yes,4.6,119900,119900,Apple iPhone 12 Pro Max ,0,0
Apple,iPhone 12 Pro Max ,Graphite,,512 GB,Yes,4.6,149900,149900,Apple iPhone 12 Pro Max ,0,0
Motorola,C Plus,Starry Black,2 GB,16 GB,Yes,4.2,6999,6999,Motorola C Plus,0,0
ASUS,Zenfone Max ,Black,2 GB,16 GB,Yes,4.1,6990,6990,ASUS Zenfone Max ,0,0
OPPO,K1,Piano Black,6 GB,64 GB,Yes,4.3,13990,20990,OPPO K1,7000,33.34921391
OPPO,A16k,Black,3 GB,32 GB,Yes,4.1,10490,10490,OPPO A16k,0,0
Apple,iPhone 13 Mini ,Midnight,4 GB,128 GB,Yes,,69900,69900,Apple iPhone 13 Mini ,0,0
SAMSUNG,Galaxy A50s ,Prism Crush Violet,6 GB,128 GB,Yes,4.3,21099,26900,SAMSUNG Galaxy A50s ,5801,21.56505576
Xiaomi,Redmi 6 Pro ,Lake Blue,4 GB,64 GB,Yes,4.4,11999,11999,Xiaomi Redmi 6 Pro ,0,0
Nokia,Asha 206,Black,32 MB,64 MB,Yes,3.8,2790,2790,Nokia Asha 206,0,0
Apple,iPhone 12 Pro ,Pacific Blue,6 GB,256 GB,Yes,4.6,119900,119900,Apple iPhone 12 Pro ,0,0
SAMSUNG,Galaxy F62 ,Laser Blue,6 GB,128 GB,Yes,4.2,23999,29999,SAMSUNG Galaxy F62 ,6000,20.00066669
Lenovo,A7000 ,White,2 GB,8 GB,Yes,4,8999,8999,Lenovo A7000 ,0,0
Xiaomi,REDMI Note 10S ,Cosmic Purple,6 GB,128 GB,Yes,4.4,17765,17765,Xiaomi REDMI Note 10S ,0,0
Apple,iPhone 7 Plus ,Gold,3 GB,32 GB,Yes,4.5,36999,37900,Apple iPhone 7 Plus ,901,2.377308707
SAMSUNG,Galaxy S6 ,Gold Platinum,3 GB,32 GB,Yes,4,33900,33900,SAMSUNG Galaxy S6 ,0,0
realme,5 Pro ,Chroma White,6 GB,64 GB,Yes,4.5,14999,15999,realme 5 Pro ,1000,6.250390649
SAMSUNG,Galaxy J4 Plus ,Gold,2 GB,32 GB,Yes,4.3,9499,9499,SAMSUNG Galaxy J4 Plus ,0,0
Xiaomi,11 Lite NE,Tuscany Coral,8 GB,128 GB,Yes,4.4,23999,23999,Xiaomi 11 Lite NE,0,0
SAMSUNG,Galaxy Z Flip3 5G ,Phantom Black,8 GB,128 GB,Yes,4.3,84999,95999,SAMSUNG Galaxy Z Flip3 5G ,11000,11.45845269
Infinix,Hot S3,Blush Gold,3 GB,32 GB,Yes,4.2,9999,9999,Infinix Hot S3,0,0
POCO,C3 ,Matte Black,3 GB,32 GB,Yes,4.3,7999,9999,POCO C3 ,2000,20.0020002
Apple,iPhone 8 ,Gold,2 GB,64 GB,Yes,4.5,38999,39900,Apple iPhone 8 ,901,2.258145363
ASUS,Zenfone Go ,Gold,1 GB,8 GB,Yes,3.8,5699,5699,ASUS Zenfone Go ,0,0
OPPO,A3s,Purple,3 GB,32 GB,Yes,4.3,12990,12990,OPPO A3s,0,0
SAMSUNG,Galaxy A30s ,Prism Crush White,4 GB,64 GB,Yes,4.3,15899,18900,SAMSUNG Galaxy A30s ,3001,15.87830688
SAMSUNG,Guru Music 2 SM-B310E,Black,,Expandable Upto 16 GB,Yes,4.2,1890,1890,SAMSUNG Guru Music 2 SM-B310E,0,0
Apple,iPhone 12 ,Red,4GB,256 GB,Yes,4.6,78999,94900,Apple iPhone 12 ,15901,16.75553214
realme,Narzo 30 ,Racing Silver,4 GB,64 GB,Yes,4.3,13499,14999,realme Narzo 30 ,1500,10.00066671
realme,C15 ,Power Silver,4 GB,,Yes,4.4,10999,12999,realme C15 ,2000,15.38579891
Nokia,3310 DS 2020,Black,16 MB,Expandable Upto 32 GB,Yes,3.8,3886,3886,Nokia 3310 DS 2020,0,0
Nokia,125 TA-1253 DS,Black,4 MB,4 MB,Yes,3.9,2142,2192,Nokia 125 TA-1253 DS,50,2.281021898
SAMSUNG,Galaxy A52 ,Awesome White,6 GB,128 GB,Yes,4.3,27499,30499,SAMSUNG Galaxy A52 ,3000,9.836388078
ASUS,ZenFone Max M2 ,Blue,3 GB,32 GB,Yes,4.3,12999,12999,ASUS ZenFone Max M2 ,0,0
GIONEE,A1 ,Gold,4 GB,64 GB,Yes,4,7675,8999,GIONEE A1 ,1324,14.71274586
OPPO,K3,Jade Black,8 GB,128 GB,Yes,4.2,30994,30994,OPPO K3,0,0
POCO,C31,Royal Blue,4 GB,64 GB,Yes,4.4,8999,11999,POCO C31,3000,25.00208351
Nokia,225,Black,,Expandable Upto 32 GB,Yes,3.6,3499,3499,Nokia 225,0,0
SAMSUNG,Galaxy A32 ,Awesome Violet,6 GB,128 GB,Yes,4.1,21999,24999,SAMSUNG Galaxy A32 ,3000,12.00048002
vivo,Y21T,Midnight Blue,4 GB,128 GB,Yes,4.1,16490,19990,vivo Y21T,3500,17.50875438
realme,6 Pro ,Lightning Red,6 GB,128 GB,Yes,4.4,18999,18999,realme 6 Pro ,0,0
Infinix,S5 Pro,Violet,4 GB,64 GB,Yes,4.4,12999,12999,Infinix S5 Pro,0,0
ASUS,Zenfone Selfie ,White,3 GB,16 GB,Yes,4,13999,13999,ASUS Zenfone Selfie ,0,0
OPPO,A9,Fluorite Purple,4 GB,128 GB,Yes,4.4,12990,16990,OPPO A9,4000,23.54326074
realme,Narzo 30 Pro 5G ,Blade Silver,6 GB,64 GB,Yes,4.3,16999,18999,realme Narzo 30 Pro 5G ,2000,10.52686984
Infinix,S5 ,Violet,4 GB,64 GB,Yes,4.3,10999,10999,Infinix S5 ,0,0
Motorola,One Action ,Pearl White,4 GB,128 GB,Yes,4.2,10999,16999,Motorola One Action ,6000,35.29619389
Xiaomi,11 Lite NE,Vinyl Black,6 GB,128 GB,Yes,4.3,25990,25990,Xiaomi 11 Lite NE,0,0
ASUS,ROG Phone 5 ,White,8 GB,128 GB,Yes,4.3,49999,55999,ASUS ROG Phone 5 ,6000,10.71447704
Motorola,One Power ,Black,4 GB,64 GB,Yes,4.3,18999,18999,Motorola One Power ,0,0
realme,1,Diamond Black,6 GB,128 GB,Yes,4.3,10999,14990,realme 1,3991,26.62441628
ASUS,ROG Phone II ,Black,12 GB,512 GB,Yes,4.6,62999,62999,ASUS ROG Phone II ,0,0
Apple,iPhone 12 Pro ,Graphite,6 GB,256 GB,Yes,4.6,119900,119900,Apple iPhone 12 Pro ,0,0
GIONEE,P2S ,Black,512 MB,4 GB,Yes,3.6,2450,2450,GIONEE P2S ,0,0
Lenovo,Vibe K5 Note ,Gold,3 GB,32 GB,Yes,4.1,10999,10999,Lenovo Vibe K5 Note ,0,0
Apple,iPhone XS ,Space Grey,4 GB,512 GB,Yes,4.7,134900,134900,Apple iPhone XS ,0,0
Nokia,8.1,Blue,4 GB,64 GB,Yes,4.3,28831,28831,Nokia 8.1,0,0
OPPO,A52,Stream White,4 GB,128 GB,Yes,4.4,14990,17990,OPPO A52,3000,16.67593107
SAMSUNG,Galaxy A32 ,Awesome White,6 GB,128 GB,Yes,4.1,21999,24999,SAMSUNG Galaxy A32 ,3000,12.00048002
Infinix,Hot 10 Play,Morandi Green,4 GB,64 GB,Yes,4.3,9299,10999,Infinix Hot 10 Play,1700,15.45595054
Xiaomi,Mi 11X ,Lunar White,6 GB,128 GB,Yes,4.3,24338,25989,Xiaomi Mi 11X ,1651,6.352687676
Xiaomi,Mi 11X Pro 5G ,Lunar White,8 GB,256 GB,Yes,4.4,38999,38999,Xiaomi Mi 11X Pro 5G ,0,0
SAMSUNG,Galaxy A21s ,Blue,4 GB,64 GB,Yes,4.2,14999,17999,SAMSUNG Galaxy A21s ,3000,16.66759264
Apple,iPhone 8 Plus ,Space Grey,3 GB,64 GB,Yes,4.6,49900,49900,Apple iPhone 8 Plus ,0,0
SAMSUNG,Galaxy M20 ,Charcoal Black,4 GB,64 GB,Yes,4.3,11990,12250,SAMSUNG Galaxy M20 ,260,2.12244898
realme,9 5G SE,Azure Glow,8 GB,128 GB,Yes,4.5,22999,26999,realme 9 5G SE,4000,14.81536353
SAMSUNG,Galaxy S20 ,Cloud Pink,8 GB,128 GB,Yes,4.3,74000,74000,SAMSUNG Galaxy S20 ,0,0
OPPO,A54,Moonlight Gold,6 GB,128 GB,Yes,4.3,16990,17990,OPPO A54,1000,5.558643691
SAMSUNG,M02s ,Blue,3 GB,32 GB,Yes,4.2,9539,10389,SAMSUNG M02s ,850,8.181730677
realme,C25s ,Watery Blue,4 GB,64 GB,Yes,4.4,10999,10999,realme C25s ,0,0
Nokia,5310ds,Black,8 MB,16 MB,Yes,4.1,3429,3445,Nokia 5310ds,16,0.464441219
Apple,iPhone XS Max ,Silver,4 GB,256 GB,Yes,4.6,78999,124900,Apple iPhone XS Max ,45901,36.75020016
OPPO,A71k,Gold,3 GB,16 GB,Yes,4.4,10990,10990,OPPO A71k,0,0
SAMSUNG,Galaxy S Duos 2 ,Pure White,512 MB,4 GB,Yes,4,5999,5999,SAMSUNG Galaxy S Duos 2 ,0,0
LG,W10 Alpha ,Black,3 GB,32 GB,Yes,3.7,7299,7299,LG W10 Alpha ,0,0
LG,Optimus L5 II ,Black,512 MB,4 GB,Yes,4.5,10199,10199,LG Optimus L5 II ,0,0
Apple,iPhone 11 Pro ,Space Grey,4GB,256 GB,Yes,4.6,79999,106600,Apple iPhone 11 Pro ,26601,24.95403377
ASUS,ZenFone Max Pro M2 ,Titanium,4 GB,64 GB,Yes,4.3,17999,17999,ASUS ZenFone Max Pro M2 ,0,0
Nokia,6.1,Gold,3 GB,32 GB,Yes,4.2,17979,17979,Nokia 6.1,0,0
realme,3i ,Diamond Blue,4 GB,64 GB,Yes,4.4,10499,10999,realme 3i ,500,4.545867806
GIONEE,M7 Power ,Blue,4 GB,64 GB,Yes,4.1,7999,7999,GIONEE M7 Power ,0,0
Apple,iPhone 6s ,Space Grey,2 GB,32 GB,Yes,4.5,25299,29900,Apple iPhone 6s ,4601,15.38795987
Apple,iPhone 11 ,Black,4GB,128 GB,Yes,4.6,54900,54900,Apple iPhone 11 ,0,0
Apple,iPhone XR ,Blue,3 GB,64 GB,Yes,4.6,42999,47900,Apple iPhone XR ,4901,10.23173278
Nokia,7.1,Steel,4 GB,64 GB,Yes,4.1,12998,12998,Nokia 7.1,0,0
ASUS,Zenfone Selfie ,White,2 GB,16 GB,Yes,3.9,15999,15999,ASUS Zenfone Selfie ,0,0
POCO,F1,Steel Blue,8 GB,256 GB,Yes,4.5,30999,30999,POCO F1,0,0
realme,C11 2021 ,Cool Blue,4 GB,64 GB,Yes,4.2,8799,9999,realme C11 2021 ,1200,12.00120012
Infinix,Smart 4,Violet,2 GB,32 GB,Yes,4.4,8999,8999,Infinix Smart 4,0,0
Apple,iPhone 12 Pro ,Gold,6 GB,512 GB,Yes,4.6,139900,139900,Apple iPhone 12 Pro ,0,0
OPPO,F5,Red,6 GB,64 GB,Yes,4.4,24990,24990,OPPO F5,0,0
realme,Narzo 30 ,Racing Blue,4 GB,64 GB,Yes,4.3,13499,14999,realme Narzo 30 ,1500,10.00066671
OPPO,Reno6 Pro 5G,Stellar Black,12 GB,256 GB,Yes,4.4,39990,46990,OPPO Reno6 Pro 5G,7000,14.89678655
Apple,iPhone 12 Pro ,Graphite,6 GB,128 GB,Yes,4.6,109900,109900,Apple iPhone 12 Pro ,0,0
SAMSUNG,Galaxy S21 ,Phantom White,8 GB,256 GB,Yes,4.3,73999,87999,SAMSUNG Galaxy S21 ,14000,15.9092717
Xiaomi,Redmi 8A Dual ,Sea Blue,3 GB,64 GB,Yes,4.4,9499,9499,Xiaomi Redmi 8A Dual ,0,0
SAMSUNG,Galaxy S4 Mini ,White Frost,1.5 GB,8 GB,Yes,3.8,20400,20400,SAMSUNG Galaxy S4 Mini ,0,0
Infinix,Hot 4 Pro,Magic Gold,3 GB,16 GB,Yes,4,7499,7499,Infinix Hot 4 Pro,0,0
Apple,iPhone 6s Plus ,Rose Gold,2 GB,16 GB,Yes,4.4,49999,49999,Apple iPhone 6s Plus ,0,0
SAMSUNG,Galaxy A6 ,Blue,4 GB,64 GB,Yes,4.3,16990,16990,SAMSUNG Galaxy A6 ,0,0
SAMSUNG,Galaxy A22 ,Black,6 GB,128 GB,Yes,4.3,17578,19499,SAMSUNG Galaxy A22 ,1921,9.851787271
SAMSUNG,Galaxy Note 5 ,Silver Titanium,4 GB,32 GB,Yes,3.9,38900,38900,SAMSUNG Galaxy Note 5 ,0,0
SAMSUNG,Galaxy A50 ,White,6 GB,64 GB,Yes,4.4,24000,24000,SAMSUNG Galaxy A50 ,0,0
Nokia,5.1,Black,3 GB,32 GB,Yes,4,7899,7899,Nokia 5.1,0,0
SAMSUNG,Galaxy M31 ,Space Black,6 GB,64 GB,Yes,4.3,16299,16299,SAMSUNG Galaxy M31 ,0,0
SAMSUNG,Galaxy S Duos 3 ,Ceramic White,512 MB,4 GB,Yes,4,6048,6048,SAMSUNG Galaxy S Duos 3 ,0,0
Xiaomi,Redmi 9 ,Carbon Black,4 GB,64 GB,Yes,4.2,10070,10129,Xiaomi Redmi 9 ,59,0.582485931
SAMSUNG,Galaxy S10 Lite ,Prism Blue,8 GB,128 GB,Yes,4.5,40999,43999,SAMSUNG Galaxy S10 Lite ,3000,6.81833678
Infinix,Hot 7 Pro,Mocha Brown,6 GB,64 GB,Yes,4.2,10999,10999,Infinix Hot 7 Pro,0,0
POCO,X3 Pro ,Steel Blue,6 GB,128 GB,Yes,4.4,18999,23999,POCO X3 Pro ,5000,20.83420143
HTC,U11,Sapphire Blue,6 GB,128 GB,Yes,4.6,53990,53990,HTC U11,0,0
POCO,M4 Pro 5G,Yellow,6 GB,128 GB,Yes,4.4,16999,19999,POCO M4 Pro 5G,3000,15.00075004
Xiaomi,11 Lite NE,Diamond Dazzle,8 GB,128 GB,Yes,4.4,27999,27999,Xiaomi 11 Lite NE,0,0
Apple,iPhone 13 Mini ,Midnight,6 GB,512 GB,Yes,,99900,99900,Apple iPhone 13 Mini ,0,0
GIONEE,Elife S7 ,Black,2 GB,16 GB,Yes,4.1,15999,15999,GIONEE Elife S7 ,0,0
SAMSUNG,Galaxy S21 ,Phantom Gray,8 GB,128 GB,Yes,4.3,69999,83999,SAMSUNG Galaxy S21 ,14000,16.66686508
LG,G Pro 2 ,Titan,3 GB,16 GB,Yes,4.5,42021,42021,LG G Pro 2 ,0,0
SAMSUNG,Galaxy M31 ,Space Black,8 GB,128 GB,Yes,4.3,19990,19990,SAMSUNG Galaxy M31 ,0,0
Apple,iPhone 12 ,Blue,4GB,64 GB,Yes,4.6,63999,65900,Apple iPhone 12 ,1901,2.884673748
SAMSUNG,Guru FM Plus,Black,,2 MB,Yes,4.2,1435,1435,SAMSUNG Guru FM Plus,0,0
GIONEE,L700,Black,8 MB,16 MB,Yes,3.9,1890,1890,GIONEE L700,0,0
Lenovo,A7000 Turbo ,Black,2 GB,16 GB,Yes,3.8,5999,5999,Lenovo A7000 Turbo ,0,0
Lenovo,P2 ,Grey,3 GB,32 GB,Yes,4.3,16999,16999,Lenovo P2 ,0,0
Lenovo,K3 Note ,Yellow,2 GB,16 GB,Yes,4,7999,7999,Lenovo K3 Note ,0,0
realme,Narzo 20 Pro ,White Knight,8 GB,128 GB,Yes,4.3,16999,18999,realme Narzo 20 Pro ,2000,10.52686984
vivo,Y11 ,Agate Red,4 GB,64 GB,Yes,4.4,16990,20990,vivo Y11 ,4000,19.05669366
SAMSUNG,Galaxy A50s ,Prism Crush Violet,4 GB,128 GB,Yes,4.3,14999,24900,SAMSUNG Galaxy A50s ,9901,39.76305221
SAMSUNG,Galaxy J7 Prime 2 ,Black,3 GB,32 GB,Yes,4.3,14990,14990,SAMSUNG Galaxy J7 Prime 2 ,0,0
OPPO,Reno 10x Zoom,Ocean Green,8 GB,256 GB,Yes,4.4,41990,55990,OPPO Reno 10x Zoom,14000,25.00446508
HTC,10,Topaz Gold,4 GB,32 GB,Yes,4.2,56690,56690,HTC 10,0,0
Apple,iPhone 6s ,Silver,2 GB,64 GB,Yes,4.5,49999,49999,Apple iPhone 6s ,0,0
SAMSUNG,Galaxy A5 ,Black,2 GB,16 GB,Yes,4.1,14490,14490,SAMSUNG Galaxy A5 ,0,0
Apple,iPhone 6s ,Gold,2 GB,32 GB,Yes,4.5,25299,29900,Apple iPhone 6s ,4601,15.38795987
Apple,iPhone SE ,Black,2 GB,128 GB,Yes,4.5,44900,44900,Apple iPhone SE ,0,0
Apple,iPhone 12 Pro Max ,Silver,,128 GB,Yes,4.6,119900,119900,Apple iPhone 12 Pro Max ,0,0
Lenovo,A5 ,Gold,2 GB,16 GB,Yes,4.1,6999,6999,Lenovo A5 ,0,0
Apple,iPhone 13 Pro Max ,Graphite,6 GB,256 GB,Yes,,139900,139900,Apple iPhone 13 Pro Max ,0,0
Infinix,Hot 6 Pro,City Blue,3 GB,32 GB,Yes,4.3,8999,8999,Infinix Hot 6 Pro,0,0
Nokia,6310,Black,16 MB,8 MB,Yes,,4400,4400,Nokia 6310,0,0
GIONEE,P5_W ,Blue,1 GB,16 GB,Yes,3.8,4190,7238,GIONEE P5_W ,3048,42.11108041
POCO,C3 ,Lime Green,3 GB,32 GB,Yes,4.3,7999,9999,POCO C3 ,2000,20.0020002
SAMSUNG,Galaxy S10 ,Prism White,8 GB,128 GB,Yes,4.6,39999,71000,SAMSUNG Galaxy S10 ,31001,43.66338028
Apple,iPhone 13 Mini ,Red,4 GB,128 GB,Yes,,69900,69900,Apple iPhone 13 Mini ,0,0
Nokia,215 4G DS,Black,64 MB,128 MB,Yes,3.6,3220,3220,Nokia 215 4G DS,0,0
realme,8i ,Space Black,4 GB,64 GB,Yes,,13999,15999,realme 8i ,2000,12.5007813
SAMSUNG,Galaxy S7 ,Black Onyx,4 GB,32 GB,Yes,4.4,24999,24999,SAMSUNG Galaxy S7 ,0,0
Nokia,TA-1174 / TA-1299,Black,4 MB,4 MB,Yes,4.2,1149,1149,Nokia TA-1174 / TA-1299,0,0
POCO,F1,Steel Blue,6 GB,128 GB,Yes,,24999,24999,POCO F1,0,0
Apple,iPhone XR ,Coral,3 GB,128 GB,Yes,4.6,47999,52900,Apple iPhone XR ,4901,9.264650284
realme,C12 ,Power Silver,4 GB,64 GB,Yes,4.4,10999,10999,realme C12 ,0,0
Nokia,C3 ,Nordic Blue,2 GB,16 GB,Yes,3.7,7290,7290,Nokia C3 ,0,0
SAMSUNG,Galaxy J5 Prime ,Black,2 GB,16 GB,Yes,4,14500,14500,SAMSUNG Galaxy J5 Prime ,0,0
Nokia,C20 Plus ,Blue,3 GB,32 GB,Yes,3.8,9999,11099,Nokia C20 Plus ,1100,9.910802775
Xiaomi,Redmi 8A ,Sunset Red,2 GB,32 GB,Yes,4.2,7999,7999,Xiaomi Redmi 8A ,0,0
Infinix,Hot 10,Moonlight Jade,6 GB,128 GB,Yes,4.3,13999,13999,Infinix Hot 10,0,0
Infinix,Hot 10 Play,Aegean Blue,3 GB,32 GB,Yes,4.3,8299,9999,Infinix Hot 10 Play,1700,17.00170017
SAMSUNG,Galaxy M12 ,White,6 GB,128 GB,Yes,4.2,14490,14999,SAMSUNG Galaxy M12 ,509,3.393559571
ASUS,Zenfone Go 5.0 LTE 2nd Gen ,Gold,2 GB,16 GB,Yes,3.6,5840,5840,ASUS Zenfone Go 5.0 LTE 2nd Gen ,0,0
POCO,M2 Pro,Two shades of black,4 GB,64 GB,Yes,4.4,13999,17999,POCO M2 Pro,4000,22.22345686
ASUS,Zenfone Selfie ,Red,3 GB,32 GB,Yes,4,11999,11999,ASUS Zenfone Selfie ,0,0
vivo,Y75 5G,Glowing Galaxy,8 GB,128 GB,Yes,4.3,22490,22490,vivo Y75 5G,0,0
Xiaomi,11i 5G,Pacific Pearl,6 GB,128 GB,Yes,4.3,24999,29999,Xiaomi 11i 5G,5000,16.66722224
Xiaomi,Redmi Y2 ,Rose Gold,3 GB,32 GB,Yes,4.3,9999,9999,Xiaomi Redmi Y2 ,0,0
OPPO,A5s,Black,3 GB,32 GB,Yes,4.4,9490,12990,OPPO A5s,3500,26.94380293
Nokia,7.2,Charcoal,4 GB,64 GB,Yes,4.1,19999,19999,Nokia 7.2,0,0
SAMSUNG,Galaxy S20 FE ,Cloud Mint,8 GB,128 GB,Yes,4,49999,65999,SAMSUNG Galaxy S20 FE ,16000,24.24279156
SAMSUNG,Galaxy Ace NXT ,Black,512 MB,4 GB,Yes,3.8,5795,5795,SAMSUNG Galaxy Ace NXT ,0,0
GIONEE,S6 ,Silver,3 GB,32 GB,Yes,3.8,7999,7999,GIONEE S6 ,0,0
LG,Wing ,Aurora Gray,8 GB,128 GB,Yes,4.2,29999,80000,LG Wing ,50001,62.50125
Lenovo,Sisley S60 ,Grey,2 GB,8 GB,Yes,3.5,6980,6980,Lenovo Sisley S60 ,0,0
ASUS,Zenfone 4 Selfie ,Black,3 GB,32 GB,Yes,4.1,10999,10999,ASUS Zenfone 4 Selfie ,0,0
Infinix,Hot 10,Moonlight Jade,4 GB,64 GB,Yes,4.4,11999,11999,Infinix Hot 10,0,0
realme,9 5G SE,Starry Glow,6 GB,128 GB,Yes,4.5,19999,24999,realme 9 5G SE,5000,20.00080003
Nokia,6.1 Plus ,White,4 GB,64 GB,Yes,4.3,18599,18599,Nokia 6.1 Plus ,0,0
SAMSUNG,Galaxy J7 Prime ,Black,3 GB,32 GB,Yes,4.2,15300,15300,SAMSUNG Galaxy J7 Prime ,0,0
Motorola,G30 ,Pastel Sky,4 GB,64 GB,Yes,4.1,10999,14999,Motorola G30 ,4000,26.66844456
Nokia,G10 ,Night | Dark Blue,4 GB,64 GB,Yes,,12149,12149,Nokia G10 ,0,0
Apple,iPhone XR ,Red,3 GB,64 GB,Yes,4.6,42999,47900,Apple iPhone XR ,4901,10.23173278
Xiaomi,Y11T Pro,Celestial Magic,8 GB,256 GB,Yes,4.3,42999,42999,Xiaomi Y11T Pro,0,0
realme,X ,Super Polar White,8 GB,128 GB,Yes,4.5,21999,21999,realme X ,0,0
SAMSUNG,Galaxy F02s ,Diamond Black,4 GB,64 GB,Yes,4.2,10499,11499,SAMSUNG Galaxy F02s ,1000,8.696408383
HTC,One M8 ,Silver,2 GB,16 GB,Yes,4.4,59900,59900,HTC One M8 ,0,0
vivo,V21 5G ,Arctic White,8 GB,256 GB,Yes,4.3,14990,14990,vivo V21 5G ,0,0
GIONEE,S11 Lite ,Gold,4 GB,32 GB,Yes,4,15490,15490,GIONEE S11 Lite ,0,0
OPPO,Reno3 Pro,Auroral Blue,8 GB,256 GB,Yes,4.4,27990,35990,OPPO Reno3 Pro,8000,22.22839678
SAMSUNG,Galaxy A8 Plus ,Gold,6 GB,64 GB,Yes,4.2,29990,29990,SAMSUNG Galaxy A8 Plus ,0,0
SAMSUNG,Guru Music 2,Black,,Expandable Upto 16 GB,Yes,4.3,1625,1625,SAMSUNG Guru Music 2,0,0
SAMSUNG,Galaxy S7 ,Gold Platinum,4 GB,32 GB,Yes,4.4,22222,52000,SAMSUNG Galaxy S7 ,29778,57.26538462
realme,X7 5G ,Space Silver,8 GB,128 GB,Yes,4.3,21999,23999,realme X7 5G ,2000,8.33368057
Xiaomi,Redmi 9A ,SeaBlue,2 GB,32 GB,Yes,4.5,7619,7619,Xiaomi Redmi 9A ,0,0
SAMSUNG,Galaxy A70 ,Blue,6 GB,128 GB,Yes,4.3,30900,30900,SAMSUNG Galaxy A70 ,0,0
realme,6 Pro ,Lightning Blue,6 GB,64 GB,Yes,4.4,17999,17999,realme 6 Pro ,0,0
Infinix,Note 11S Free Fire Edition,Mithril Grey,8 GB,128 GB,Yes,4.3,15999,18999,Infinix Note 11S Free Fire Edition,3000,15.79030475
SAMSUNG,Galaxy J4 ,Black,2 GB,16 GB,Yes,4.3,8990,8990,SAMSUNG Galaxy J4 ,0,0
GIONEE,X1s ,Gold,3 GB,16 GB,Yes,4,6450,6450,GIONEE X1s ,0,0
Motorola,XT502,Black,512 MB,16 GB,Yes,3.8,15990,15990,Motorola XT502,0,0
Nokia,5,Tempered Blue,3 GB,16 GB,Yes,4.1,16199,16199,Nokia 5,0,0
Nokia,6310,Black,8 MB,16 MB,Yes,,4189,4189,Nokia 6310,0,0
HTC,Desire 828,Pearl White,2 GB,16 GB,Yes,3.7,16990,16990,HTC Desire 828,0,0
POCO,X2,Matrix Purple,6 GB,128 GB,Yes,4.5,15999,19999,POCO X2,4000,20.00100005
SAMSUNG,Galaxy Note 9 ,Ocean Blue,8 GB,512 GB,Yes,4.6,59999,59999,SAMSUNG Galaxy Note 9 ,0,0
ASUS,Zenfone Go 5.0 ,Black,2 GB,16 GB,Yes,4,4499,4499,ASUS Zenfone Go 5.0 ,0,0
SAMSUNG,Galaxy Mega 5.8 ,Black,1.5 GB,8 GB,Yes,3.8,26000,26000,SAMSUNG Galaxy Mega 5.8 ,0,0
SAMSUNG,Galaxy M42 5G ,Prism Dot Black,6 GB,128 GB,Yes,4.3,21450,21450,SAMSUNG Galaxy M42 5G ,0,0
Apple,iPhone XR ,Yellow,3 GB,128 GB,Yes,4.6,47999,52900,Apple iPhone XR ,4901,9.264650284
SAMSUNG,Galaxy M10 ,Charcoal Black,2 GB,16 GB,Yes,4.3,8170,8170,SAMSUNG Galaxy M10 ,0,0
LG,Q6+ ,Platinum,4 GB,64 GB,Yes,3.9,19990,19990,LG Q6+ ,0,0
OPPO,F11 Pro,Thunder Black,6 GB,128 GB,Yes,4.5,17990,29990,OPPO F11 Pro,12000,40.01333778
Nokia,105 DS 2020,Black,4 MB,4 MB,Yes,4.2,1399,1599,Nokia 105 DS 2020,200,12.50781739
Motorola,E7 Plus ,Misty Blue,4 GB,64 GB,Yes,4.2,8999,12999,Motorola E7 Plus ,4000,30.77159782
Lenovo,K6 Note ,Silver,3 GB,32 GB,Yes,4.1,7490,14890,Lenovo K6 Note ,7400,49.69778375
OPPO,A52,Twilight Black,6 GB,128 GB,Yes,4.3,17999,17999,OPPO A52,0,0
Xiaomi,Redmi 9 ,Sky Blue,4 GB,128 GB,Yes,4.4,11199,11990,Xiaomi Redmi 9 ,791,6.597164304
realme,1,Silver,4 GB,64 GB,Yes,4.4,11490,12990,realme 1,1500,11.54734411
SAMSUNG,Galaxy Grand I9082 ,Metallic Blue,1 GB,8 GB,Yes,4,8999,8999,SAMSUNG Galaxy Grand I9082 ,0,0
vivo,Y72 5G ,Slate Gray,8 GB,128 GB,Yes,4.4,21990,21990,vivo Y72 5G ,0,0
Xiaomi,Redmi K20 Pro ,Carbon Black,6 GB,128 GB,Yes,4.5,28999,28999,Xiaomi Redmi K20 Pro ,0,0
ASUS,Zenfone Max ZC550KL ,Black,3 GB,32 GB,Yes,4.1,7990,7990,ASUS Zenfone Max ZC550KL ,0,0
Infinix,Smart 8,Aegean Blue,2 GB,32 GB,Yes,4.3,7499,8999,Infinix Smart 8,1500,16.66851872
SAMSUNG,Galaxy A12 ,White,6 GB,128 GB,Yes,3.9,15989,16489,SAMSUNG Galaxy A12 ,500,3.03232458
realme,C25 ,Watery Blue,4 GB,128 GB,Yes,4.4,10999,11999,realme C25 ,1000,8.334027836
Apple,iPhone 7 ,Rose Gold,2 GB,32 GB,Yes,4.5,24999,31500,Apple iPhone 7 ,6501,20.63809524
Lenovo,A6 Note ,Black,3 GB,32 GB,Yes,4.2,9999,9999,Lenovo A6 Note ,0,0
vivo,Y83 Pro,Black,4 GB,64 GB,Yes,4.4,15900,15900,vivo Y83 Pro,0,0
SAMSUNG,Galaxy A52 ,Awesome Violet,8 GB,128 GB,Yes,4.4,28999,31999,SAMSUNG Galaxy A52 ,3000,9.375292978
SAMSUNG,Galaxy F22 ,Denim Black,4 GB,64 GB,Yes,4.3,12999,14999,SAMSUNG Galaxy F22 ,2000,13.33422228
Apple,iPhone 6 ,Gold,1 GB,64 GB,Yes,4.4,62500,62500,Apple iPhone 6 ,0,0
LG,Optimus L7 II Dual ,White,768 MB,4 GB,Yes,4,13299,13299,LG Optimus L7 II Dual ,0,0
OPPO,F9 Pro,Twilight Blue,6 GB,64 GB,Yes,4.5,21150,21150,OPPO F9 Pro,0,0
Apple,iPhone 11 Pro ,Space Grey,4GB,512 GB,Yes,4.6,140300,140300,Apple iPhone 11 Pro ,0,0
Lenovo,P2 ,Gold,4 GB,32 GB,Yes,4.3,17999,17999,Lenovo P2 ,0,0
SAMSUNG,Galaxy A03s ,Blue,3 GB,32 GB,Yes,4,11499,13499,SAMSUNG Galaxy A03s ,2000,14.81591229
Motorola,One Macro ,Ultra Violet,4 GB,64 GB,Yes,4.3,9499,11999,Motorola One Macro ,2500,20.83506959
Google Pixel,Nexus 5X ,Black,2 GB,16 GB,Yes,4.5,12000,29990,Google Pixel Nexus 5X ,17990,59.98666222
SAMSUNG,Galaxy M30s ,Black,6 GB,128 GB,Yes,4.1,16999,16999,SAMSUNG Galaxy M30s ,0,0
OPPO,A54,Starry Blue,4 GB,128 GB,Yes,4.3,15990,15990,OPPO A54,0,0
Xiaomi,Redmi Note 7 ,Onyx Black,3 GB,32 GB,Yes,,11900,12999,Xiaomi Redmi Note 7 ,1099,8.4544965
OPPO,F17 Pro,Matte Black,8 GB,128 GB,Yes,4.3,19990,25990,OPPO F17 Pro,6000,23.08580223
Xiaomi,Mi A2 ,Red,4 GB,64 GB,Yes,4.4,11948,11948,Xiaomi Mi A2 ,0,0
SAMSUNG,Metro 313,Black,4 MB,2 MB,Yes,4.2,2050,2050,SAMSUNG Metro 313,0,0
Motorola,G8 Plus,Cosmic Blue,4 GB,64 GB,Yes,4.3,12999,15999,Motorola G8 Plus,3000,18.75117195
ASUS,Zenfone Go 5.0 ,Black,2 GB,8 GB,Yes,4,4990,4990,ASUS Zenfone Go 5.0 ,0,0
Infinix,Hot 10 Play,Purple  ,3 GB,32 GB,Yes,4.3,8299,9999,Infinix Hot 10 Play,1700,17.00170017
ASUS,Zenfone 4 Selfie ,Gold,3 GB,32 GB,Yes,4.1,10999,10999,ASUS Zenfone 4 Selfie ,0,0
OPPO,F17,Dynamic Orange,6 GB,128 GB,Yes,4.2,16990,20990,OPPO F17,4000,19.05669366
OPPO,Reno4 Pro Special Edition,Galactic Blue,8 GB,128 GB,Yes,4.4,34990,37990,OPPO Reno4 Pro Special Edition,3000,7.896814951
SAMSUNG,Galaxy J7 Duo ,Gold,4 GB,32 GB,Yes,4.3,17889,17889,SAMSUNG Galaxy J7 Duo ,0,0
Xiaomi,Redmi Note 6 Pro ,Red,6 GB,64 GB,Yes,4.5,17999,17999,Xiaomi Redmi Note 6 Pro ,0,0
SAMSUNG,Galaxy A72 ,Awesome Blue,8 GB,256 GB,Yes,4.3,37999,43999,SAMSUNG Galaxy A72 ,6000,13.63667356
LG,W31 ,Midnight Blue,4 GB,64 GB,Yes,4,9999,9999,LG W31 ,0,0
Motorola,Razr ,Gold,6 GB,128 GB,Yes,3.8,74999,149999,Motorola Razr ,75000,50.00033334
SAMSUNG,Galaxy Note 10 ,Aura Glow,8 GB,256 GB,Yes,4.5,73600,75000,SAMSUNG Galaxy Note 10 ,1400,1.866666667
SAMSUNG,Galaxy S10 Plus ,Ceramic White,12 GB,1 TB,Yes,4.5,117990,117990,SAMSUNG Galaxy S10 Plus ,0,0
Infinix,Note 10,Black,6 GB,128 GB,Yes,4.2,12499,14999,Infinix Note 10,2500,16.66777785
Nokia,Lumia 625 ,White,512 MB,8 GB,Yes,4.1,17599,17599,Nokia Lumia 625 ,0,0
realme,8 5G ,Supersonic Blue,4 GB,64 GB,Yes,4.3,15499,15999,realme 8 5G ,500,3.125195325
Apple,iPhone 12 Pro ,Silver,6 GB,128 GB,Yes,4.6,109900,109900,Apple iPhone 12 Pro ,0,0
Xiaomi,Redmi 8A Dual ,Sky White,3 GB,64 GB,Yes,4.4,8561,8561,Xiaomi Redmi 8A Dual ,0,0
SAMSUNG,Galaxy A9 ,Lemonade Blue,6 GB,128 GB,Yes,4.4,36000,36000,SAMSUNG Galaxy A9 ,0,0
Infinix,Smart 5,Morandi Green,2 GB,32 GB,Yes,4.3,7499,8999,Infinix Smart 5,1500,16.66851872
Xiaomi,Mi 10i ,Atlantic Blue,8 GB,128 GB,Yes,4.3,24890,24988,Xiaomi Mi 10i ,98,0.39218825
POCO,F1,Steel Blue,6 GB,64 GB,Yes,4.5,21999,21999,POCO F1,0,0
GIONEE,P2S ,White,512 MB,4 GB,Yes,3.6,2650,2650,GIONEE P2S ,0,0
realme,C35,Glowing Green,4 GB,64 GB,Yes,4.5,11999,13999,realme C35,2000,14.28673477
Apple,iPhone 6 ,Grey,1 GB,128 GB,Yes,4.4,71500,71500,Apple iPhone 6 ,0,0
Xiaomi,Redmi 5 ,Gold,3 GB,32 GB,Yes,4.4,9399,9399,Xiaomi Redmi 5 ,0,0
Infinix,Hot 7,Aqua Blue,4 GB,64 GB,Yes,4.2,9999,9999,Infinix Hot 7,0,0
Lenovo,K3 Note ,Black,2 GB,16 GB,Yes,4,9900,9900,Lenovo K3 Note ,0,0
Lenovo,B ,White,1 GB,8 GB,Yes,3.8,6799,6799,Lenovo B ,0,0
SAMSUNG,Metro 350,Black,32 MB,Expandable Upto 16 GB,Yes,4.1,3013,3013,SAMSUNG Metro 350,0,0
Apple,iPhone XS Max ,Space Grey,4 GB,512 GB,Yes,4.6,144900,144900,Apple iPhone XS Max ,0,0
OPPO,Neo 5,White,1 GB,16 GB,Yes,3.8,4999,7490,OPPO Neo 5,2491,33.2576769
realme,8,Cyber Black,6 GB,128 GB,Yes,4.3,16999,17999,realme 8,1000,5.555864215
Apple,iPhone 11 Pro Max ,Silver,4GB,256 GB,Yes,4.7,131900,131900,Apple iPhone 11 Pro Max ,0,0
Lenovo,Vibe K5 Note ,Silver,3 GB,32 GB,Yes,4.1,10999,10999,Lenovo Vibe K5 Note ,0,0
realme,5 Pro ,Crystal Green,6 GB,64 GB,Yes,4.5,14999,15999,realme 5 Pro ,1000,6.250390649
Nokia,110 TA-1302 DS,Black,4 MB,4 MB,Yes,4.1,1680,1680,Nokia 110 TA-1302 DS,0,0
Infinix,Hot 8,Cosmic Purple,4 GB,64 GB,Yes,4.5,9999,9999,Infinix Hot 8,0,0
SAMSUNG,M32 5G ,Sky blue,6 GB,128 GB,Yes,,21499,23999,SAMSUNG M32 5G ,2500,10.41710071
HTC,U11,Amazing Silver,6 GB,128 GB,Yes,4.6,53990,53990,HTC U11,0,0
SAMSUNG,Galaxy S5 ,Charcoal Black,2 GB,16 GB,Yes,3.9,21999,21999,SAMSUNG Galaxy S5 ,0,0
Infinix,Hot 11S,Silver Wave,4 GB,128 GB,Yes,4.3,11999,14999,Infinix Hot 11S,3000,20.00133342
SAMSUNG,Galaxy S20 ,Cosmic Gray,8 GB,128 GB,Yes,4.3,52905,52905,SAMSUNG Galaxy S20 ,0,0
Google Pixel,3 XL ,Not Pink,4 GB,128 GB,Yes,4.6,92000,92000,Google Pixel 3 XL ,0,0
realme,C21 ,Cross Black,3 GB,32 GB,Yes,4.4,8999,9999,realme C21 ,1000,10.0010001
realme,C21 ,Cross Blue,3 GB,32 GB,Yes,4.4,8999,9999,realme C21 ,1000,10.0010001
SAMSUNG,M01 core ,Blue,1 GB,16 GB,Yes,3.9,4999,4999,SAMSUNG M01 core ,0,0
SAMSUNG,Galaxy A20s ,Blue,4 GB,64 GB,Yes,4.3,13695,14900,SAMSUNG Galaxy A20s ,1205,8.087248322
Nokia,2.3,Sand,2 GB,32 GB,Yes,4,9999,9999,Nokia 2.3,0,0
LG,Q6+ ,Blue,4 GB,64 GB,Yes,3.9,19990,19990,LG Q6+ ,0,0
Infinix,Hot 11S,Green Wave,4 GB,64 GB,Yes,4.3,10999,13999,Infinix Hot 11S,3000,21.43010215
SAMSUNG,Galaxy Note10 Lite ,Aura Glow,8 GB,128 GB,Yes,4.3,39999,45000,SAMSUNG Galaxy Note10 Lite ,5001,11.11333333
POCO,X3 Pro ,Graphite Black,6 GB,128 GB,Yes,4.4,18999,23999,POCO X3 Pro ,5000,20.83420143
SAMSUNG,Galaxy Trend ,Ceramic White,512 MB,4 GB,Yes,3.6,4999,4999,SAMSUNG Galaxy Trend ,0,0
Infinix,Hot 9,Quetzal Cyan,4 GB,64 GB,Yes,4.4,11999,11999,Infinix Hot 9,0,0
GIONEE,S11 Lite ,Black,4 GB,32 GB,Yes,4,8690,8690,GIONEE S11 Lite ,0,0
Apple,iPhone 13 ,Red,4GB,512 GB,Yes,,109900,109900,Apple iPhone 13 ,0,0
Apple,iPhone 7 ,Silver,,256 GB,Yes,4.5,74400,74400,Apple iPhone 7 ,0,0
Apple,iPhone XS ,Space Grey,4 GB,64 GB,Yes,4.7,62999,89900,Apple iPhone XS ,26901,29.92324805
OPPO,A7,Glaze Blue,3 GB,64 GB,Yes,4.3,10990,16990,OPPO A7,6000,35.31489111
Xiaomi,Redmi Note 7 ,Sapphire Blue,3 GB,32 GB,Yes,4.4,11946,11946,Xiaomi Redmi Note 7 ,0,0
SAMSUNG,M31 Prime ,Ocean Blue,6 GB,64 GB,Yes,4.3,16000,16000,SAMSUNG M31 Prime ,0,0
SAMSUNG,Galaxy A8 Plus ,Black,6 GB,64 GB,Yes,4.2,16860,34000,SAMSUNG Galaxy A8 Plus ,17140,50.41176471
vivo,Y95,Nebula Purple,4 GB,64 GB,Yes,4.4,20000,20000,vivo Y95,0,0
Apple,iPhone 11 Pro Max ,Space Grey,4GB,512 GB,Yes,4.7,150800,150800,Apple iPhone 11 Pro Max ,0,0
Xiaomi,Redmi Note 5 Pro ,Gold,6 GB,64 GB,Yes,4.2,16999,16999,Xiaomi Redmi Note 5 Pro ,0,0
SAMSUNG,Galaxy A5 2016 Edition ,Gold,2 GB,16 GB,Yes,4.1,14490,14490,SAMSUNG Galaxy A5 2016 Edition ,0,0
Infinix,Note 4,Champagne Gold,3 GB,32 GB,Yes,4.2,8999,8999,Infinix Note 4,0,0
Motorola,G6,Indigo Black,4 GB,64 GB,Yes,4.2,20000,20000,Motorola G6,0,0
OPPO,Reno2,Luminous Black,8 GB,256 GB,Yes,4.4,38990,39990,OPPO Reno2,1000,2.500625156
LG,G4 ,Metallic Gray,3 GB,32 GB,Yes,4,25999,25999,LG G4 ,0,0
Lenovo,A269i ,Black,512 MB,512 MB,Yes,3.7,5499,5499,Lenovo A269i ,0,0
Lenovo,A6000 Plus ,Red,2 GB,16 GB,Yes,4.1,7499,7499,Lenovo A6000 Plus ,0,0
Motorola,One Vision ,Bronze Gradient,4 GB,128 GB,Yes,4.2,14999,22999,Motorola One Vision ,8000,34.78412105
Lenovo,Vibe K5 Plus ,Dark Grey,3 GB,16 GB,Yes,4,7999,7999,Lenovo Vibe K5 Plus ,0,0
Apple,iPhone 6s Plus ,Rose Gold,2 GB,64 GB,Yes,4.4,59999,59999,Apple iPhone 6s Plus ,0,0
LG,G4 ,Red,3 GB,32 GB,Yes,4,35990,35990,LG G4 ,0,0
Nokia,5.3,CYAN,4 GB,64 GB,Yes,3.5,11989,11989,Nokia 5.3,0,0
Apple,iPhone 12 Pro Max ,Pacific Blue,,128 GB,Yes,4.6,119900,119900,Apple iPhone 12 Pro Max ,0,0
Nokia,X2 Dual SIM ,Bright Green,1 GB,4 GB,Yes,4.2,9999,9999,Nokia X2 Dual SIM ,0,0
SAMSUNG,Grand Prime 4G ,Gold,1 GB,8 GB,Yes,4,9833,9833,SAMSUNG Grand Prime 4G ,0,0
vivo,U11,Electric Blue,3 GB,64 GB,Yes,4.4,11990,11990,vivo U11,0,0
vivo,Y12G ,Glacier Blue,4 GB,64 GB,Yes,4.5,15990,15990,vivo Y12G ,0,0
realme,Narzo 30 5G ,Racing Blue,4 GB,64 GB,Yes,4.4,14999,15999,realme Narzo 30 5G ,1000,6.250390649
SAMSUNG,Galaxy A20s ,Blue,3 GB,32 GB,Yes,4.3,11599,12900,SAMSUNG Galaxy A20s ,1301,10.08527132
OPPO,F5 Youth,Gold,3 GB,32 GB,Yes,4.3,17990,17990,OPPO F5 Youth,0,0
Apple,iPhone SE ,Black,2 GB,256 GB,Yes,4.5,54900,54900,Apple iPhone SE ,0,0
vivo,V23 5G,Sunshine Gold,12 GB,256 GB,Yes,4.4,34990,37990,vivo V23 5G,3000,7.896814951
realme,Narzo 50A ,Oxygen Blue,4 GB,128 GB,Yes,4.3,12499,13999,realme Narzo 50A ,1500,10.71505108
OPPO,F11,Marble Green,4 GB,128 GB,Yes,4.4,13990,21990,OPPO F11,8000,36.38017281
LG,W30 ,Platinum Grey,3 GB,32 GB,Yes,3.9,8199,10999,LG W30 ,2800,25.45685971
Infinix,Note 11S Free Fire Edition,Symphony Cyan,8 GB,128 GB,Yes,4.3,15999,18999,Infinix Note 11S Free Fire Edition,3000,15.79030475
Google Pixel,2,Just Black,4 GB,128 GB,Yes,4.6,70000,70000,Google Pixel 2,0,0
SAMSUNG,Galaxy Note 5 ,Silver Titanium,4 GB,64 GB,Yes,3.9,49990,49990,SAMSUNG Galaxy Note 5 ,0,0
SAMSUNG,M31 Prime ,IceBerg Blue,6 GB,64 GB,Yes,4.3,18699,18699,SAMSUNG M31 Prime ,0,0
HTC,Desire 616,Dark Grey,1 GB,4 GB,Yes,3.8,17200,17200,HTC Desire 616,0,0
vivo,Y33T,Mirror Black,8 GB,128 GB,Yes,4.9,22990,22990,vivo Y33T,0,0
realme,X2 Pro ,Neptune Blue,12 GB,256 GB,Yes,4.6,35999,35999,realme X2 Pro ,0,0
ASUS,Zenfone GO ,Black,2 GB,16 GB,Yes,3.8,8499,8499,ASUS Zenfone GO ,0,0
Xiaomi,11 Lite NE,Jazz Blue,8 GB,129 GB,Yes,4.3,25999,25999,Xiaomi 11 Lite NE,0,0
Xiaomi,Redmi 8A Dual ,Midnight Grey,3 GB,32 GB,Yes,4.4,8299,8499,Xiaomi Redmi 8A Dual ,200,2.353218026
vivo,Y21 ,Midnight Blue,,64 GB,Yes,3.8,69990,74990,vivo Y21 ,5000,6.667555674
Infinix,Smart 3 Plus,Sapphire Cyan,2 GB,32 GB,Yes,4.2,7999,7999,Infinix Smart 3 Plus,0,0
Infinix,S4,Space Grey,4 GB,64 GB,Yes,4.3,10999,10999,Infinix S4,0,0
Xiaomi,Mi 11X ,Cosmic Black,8 GB,128 GB,Yes,4.2,26828,26828,Xiaomi Mi 11X ,0,0
Infinix,Hot 11,Emerald Green,4 GB,64 GB,Yes,4.4,9999,11999,Infinix Hot 11,2000,16.66805567
OPPO,A12,Black,3 GB,32 GB,Yes,4.4,9490,10990,OPPO A12,1500,13.64877161
Infinix,S4,Space Grey,3 GB,32 GB,Yes,4.2,9999,9999,Infinix S4,0,0
Apple,iPhone 8 ,Red,2 GB,256 GB,Yes,4.7,81500,81500,Apple iPhone 8 ,0,0
Nokia,6,Matte Black,3 GB,32 GB,Yes,3.9,13999,13999,Nokia 6,0,0
ASUS,ROG Phone 3 ,Black,12 GB,256 GB,Yes,4.4,57999,65999,ASUS ROG Phone 3 ,8000,12.12139578
Nokia,RM-1172 / Nokia 230 DS,Black,16 MB,256 MB,Yes,4,4196,4196,Nokia RM-1172 / Nokia 230 DS,0,0
SAMSUNG,Galaxy A70s ,Prism Crush White,8 GB,128 GB,Yes,4.3,30500,33100,SAMSUNG Galaxy A70s ,2600,7.854984894
HTC,Desire 210,White,512 MB,4 GB,Yes,3.6,9990,9990,HTC Desire 210,0,0
GIONEE,Pioneer P3S ,Gold,1 GB,16 GB,Yes,3.8,4999,4999,GIONEE Pioneer P3S ,0,0
OPPO,F11,Fluorite Purple,4 GB,128 GB,Yes,4.4,13990,21990,OPPO F11,8000,36.38017281
LG,W31 Plus ,Midnight Blue,4 GB,128 GB,Yes,4.1,10999,10999,LG W31 Plus ,0,0
OPPO,F1 Plus,Rose Gold,4 GB,64 GB,Yes,4,24900,24900,OPPO F1 Plus,0,0
realme,3,Dynamic Black,3 GB,32 GB,Yes,4.5,8499,10999,realme 3,2500,22.72933903
SAMSUNG,Grand Prime ,White,1 GB,8 GB,Yes,4,7992,7992,SAMSUNG Grand Prime ,0,0
OPPO,A5 2020,Dazzling White,3 GB,64 GB,Yes,4.4,12990,14990,OPPO A5 2020,2000,13.34222815
HTC,Desire 326G DS,Black Onyx,1 GB,8 GB,Yes,3.7,9590,9590,HTC Desire 326G DS,0,0
HTC,826,White Birch,2 GB,16 GB,Yes,3.7,27990,27990,HTC 826,0,0
SAMSUNG,Galaxy F12 ,Sea Green,4 GB,128 GB,Yes,4.2,12499,13999,SAMSUNG Galaxy F12 ,1500,10.71505108
GIONEE,F9 ,Black,3 GB,32 GB,Yes,4.2,7900,7900,GIONEE F9 ,0,0
Apple,iPhone 12 ,Green,4GB,256 GB,Yes,4.6,78999,80900,Apple iPhone 12 ,1901,2.349814586
ASUS,ROG 5s,Phantom Black,8 GB,128 GB,Yes,,49999,55999,ASUS ROG 5s,6000,10.71447704
Infinix,Hot 4 Pro,Quartz Black,3 GB,16 GB,Yes,4,7499,7499,Infinix Hot 4 Pro,0,0
HTC,One M8 ,Amber Gold,2 GB,16 GB,Yes,4.4,59900,59900,HTC One M8 ,0,0
SAMSUNG,Galaxy M10S ,Stainless Black,3 GB,32 GB,Yes,4.4,9100,10000,SAMSUNG Galaxy M10S ,900,9
Lenovo,S560 ,Deep Black,1 GB,8 GB,Yes,4.1,19999,19999,Lenovo S560 ,0,0
OPPO,A83,Champagne,2 GB,16 GB,Yes,4.2,11000,11000,OPPO A83,0,0
Motorola,Razr ,Black,6 GB,128 GB,Yes,3.8,74999,149999,Motorola Razr ,75000,50.00033334
vivo,Y33s ,Mirror Black,3 GB,64 GB,Yes,4.4,39990,46990,vivo Y33s ,7000,14.89678655
SAMSUNG,Galaxy A12 ,Blue,6 GB,128 GB,Yes,3.9,15271,15271,SAMSUNG Galaxy A12 ,0,0
SAMSUNG,Galaxy A72 ,Awesome White,8 GB,128 GB,Yes,4.3,34999,41999,SAMSUNG Galaxy A72 ,7000,16.6670635
Nokia,2.3,Cyan Green,2 GB,32 GB,Yes,4,9999,9999,Nokia 2.3,0,0
Infinix,Hot S3X,Tradew Grey,3 GB,32 GB,Yes,4.2,10999,10999,Infinix Hot S3X,0,0
Apple,iPhone 12 Mini ,Green,4GB,128 GB,Yes,4.5,61999,64900,Apple iPhone 12 Mini ,2901,4.469953775
OPPO,Reno 10x Zoom,Jet Black,6 GB,128 GB,Yes,4.5,38990,41990,OPPO Reno 10x Zoom,3000,7.144558228
GIONEE,V4S ,Black,1 GB,8 GB,Yes,3.5,3499,3499,GIONEE V4S ,0,0
Motorola,Z2 Force,Super Black,6 GB,64 GB,Yes,4.1,14999,44999,Motorola Z2 Force,30000,66.66814818
SAMSUNG,Galaxy J7 Prime ,Gold,3 GB,32 GB,Yes,4.2,16879,16879,SAMSUNG Galaxy J7 Prime ,0,0
SAMSUNG,Galaxy J2 2018 ,Pink,2 GB,16 GB,Yes,4.3,6799,6799,SAMSUNG Galaxy J2 2018 ,0,0
SAMSUNG,Galaxy J8 ,Gold,4 GB,64 GB,Yes,4.4,19500,19500,SAMSUNG Galaxy J8 ,0,0
realme,3,Dynamic Black,3 GB,64 GB,Yes,4.5,9499,11999,realme 3,2500,20.83506959
POCO,M2 Pro,Out of Blue,6 GB,64 GB,Yes,4.4,14999,19999,POCO M2 Pro,5000,25.00125006
realme,3,Black,4 GB,64 GB,Yes,4.4,10499,12999,realme 3,2500,19.23224863
SAMSUNG,Galaxy J8 ,Black,4 GB,64 GB,Yes,4.4,19500,19500,SAMSUNG Galaxy J8 ,0,0
SAMSUNG,Galaxy S9 Plus ,Coral Blue,6 GB,128 GB,Yes,4.5,68900,68900,SAMSUNG Galaxy S9 Plus ,0,0
Apple,iPhone 13 Pro ,Graphite,6 GB,1 TB,Yes,,169900,169900,Apple iPhone 13 Pro ,0,0
Nokia,2.2,Black,2 GB,16 GB,Yes,4,8599,8599,Nokia 2.2,0,0
SAMSUNG,Galaxy S10 Lite ,Prism Blue,8 GB,512 GB,Yes,4.5,45999,51000,SAMSUNG Galaxy S10 Lite ,5001,9.805882353
ASUS,ZenFone 5Z ,Midnight Blue,8 GB,256 GB,Yes,4.5,43999,43999,ASUS ZenFone 5Z ,0,0
Lenovo,P770 ,Grey,1 GB,4 GB,Yes,4.3,12899,12899,Lenovo P770 ,0,0
Nokia,5.1 Plus ,Blue,6 GB,64 GB,Yes,3.7,9900,15990,Nokia 5.1 Plus ,6090,38.08630394
Nokia,XR 20,Grey ,6 GB,128 GB,Yes,4.3,46988,46988,Nokia XR 20,0,0
SAMSUNG,Galaxy S5 ,Copper Gold,2 GB,16 GB,Yes,3.9,21999,21999,SAMSUNG Galaxy S5 ,0,0
Apple,iPhone 11 Pro Max ,Gold,4GB,64 GB,Yes,4.7,117100,117100,Apple iPhone 11 Pro Max ,0,0
SAMSUNG,M02s ,Black,4 GB,64 GB,Yes,4.1,11499,11499,SAMSUNG M02s ,0,0
Motorola,G5s,Lunar Gray,4 GB,32 GB,Yes,4.1,7350,7350,Motorola G5s,0,0
Apple,iPhone 13 Mini ,Pink,4 GB,128 GB,Yes,,69900,69900,Apple iPhone 13 Mini ,0,0
OPPO,F7,Black,4 GB,64 GB,Yes,4.4,22990,22990,OPPO F7,0,0
OPPO,A53s 5G,Crystal Blue,6 GB,128 GB,Yes,4.3,15990,16990,OPPO A53s 5G,1000,5.885815185
POCO,C31,Royal Blue,3 GB,32 GB,Yes,4.4,7999,10999,POCO C31,3000,27.27520684
ASUS,Zenfone C ,Black,1 GB,8 GB,Yes,3.8,6299,6299,ASUS Zenfone C ,0,0
Nokia,5.4,Dusk,4 GB,64 GB,Yes,3.9,12999,16799,Nokia 5.4,3800,22.62039407
Nokia,3.2,Steel,3 GB,32 GB,Yes,4.1,12399,12399,Nokia 3.2,0,0
Nokia,3,Tempered Blue,2 GB,16 GB,Yes,3.9,10899,10899,Nokia 3,0,0
SAMSUNG,Galaxy S21 Ultra ,Phantom Black,12 GB,256 GB,Yes,4.5,105999,128999,SAMSUNG Galaxy S21 Ultra ,23000,17.82959558
realme,6 Pro ,Lightning Blue,6 GB,128 GB,Yes,4.4,18999,18999,realme 6 Pro ,0,0
realme,9i,Prism Blue,4 GB,64 GB,Yes,4.5,13999,15999,realme 9i,2000,12.5007813
SAMSUNG,M52 5G,Sky Blue,8 GB,128 GB,Yes,4.2,20350,22595,SAMSUNG M52 5G,2245,9.93582651
SAMSUNG,Galaxy M02 ,Blue,2 GB,32 GB,Yes,4,8299,8499,SAMSUNG Galaxy M02 ,200,2.353218026
Infinix,Note 11S,Symphony Cyan,6 GB,64 GB,Yes,4.3,13999,16999,Infinix Note 11S,3000,17.64809695
vivo,Y30 ,Emerald Black,8 GB,128 GB,Yes,4.4,13990,18990,vivo Y30 ,5000,26.32964718
Lenovo,A6 Note ,Blue,3 GB,32 GB,Yes,4.2,9999,9999,Lenovo A6 Note ,0,0
realme,C25s ,Watery Grey,4 GB,64 GB,Yes,4.4,10999,10999,realme C25s ,0,0
realme,1,Moonlight Silver,6 GB,128 GB,Yes,4.3,10990,14990,realme 1,4000,26.6844563
realme,Narzo 30A ,Laser Black,4 GB,,Yes,4.3,10499,10999,realme Narzo 30A ,500,4.545867806
Nokia,8,Polished Blue,4 GB,64 GB,Yes,4,36999,36999,Nokia 8,0,0
SAMSUNG,Galaxy Z Fold3 5G ,Phantom Silver,12 GB,256 GB,Yes,4.4,149999,171999,SAMSUNG Galaxy Z Fold3 5G ,22000,12.79077204
Infinix,Smart 2,Serene Gold,3 GB,32 GB,Yes,4.1,7946,7999,Infinix Smart 2,53,0.662582823
SAMSUNG,Galaxy A8 Star ,Black,6 GB,64 GB,Yes,4.3,16989,37990,SAMSUNG Galaxy A8 Star ,21001,55.28033693
realme,C25Y ,Metal Grey,4 GB,64 GB,Yes,4.5,10999,12999,realme C25Y ,2000,15.38579891
realme,8s 5G ,Universe Purple,6 GB,128 GB,Yes,4.5,17999,20999,realme 8s 5G ,3000,14.28639459
SAMSUNG,Guru Music 2,Black,,2 MB,Yes,4.3,1625,1625,SAMSUNG Guru Music 2,0,0
realme,1,Diamond Black,6 GB,,Yes,4.3,10999,14990,realme 1,3991,26.62441628
Apple,iPhone 13 Pro Max,Alpine Green,4GB,512 GB,Yes,4.7,159900,159900,Apple iPhone 13 Pro Max,0,0
Xiaomi,11i 5G,Stealth Black,8 GB,128 GB,Yes,4.3,28999,33999,Xiaomi 11i 5G,5000,14.70631489
SAMSUNG,Metro 313,Black,2 MB,2 MB,Yes,4.1,2200,2200,SAMSUNG Metro 313,0,0
SAMSUNG,Galaxy A30s ,Prism Crush Black,4 GB,64 GB,Yes,4.3,18900,18900,SAMSUNG Galaxy A30s ,0,0
Apple,iPhone 12 Mini ,Blue,4GB,256 GB,Yes,4.5,71999,84900,Apple iPhone 12 Mini ,12901,15.19552415
SAMSUNG,Galaxy M02 ,Grey,3 GB,32 GB,Yes,4,8850,9998,SAMSUNG Galaxy M02 ,1148,11.48229646
SAMSUNG,Galaxy S10 Lite ,Prism Black,8 GB,512 GB,Yes,4.5,49999,49999,SAMSUNG Galaxy S10 Lite ,0,0
OPPO,A31,Mystery Black,6 GB,128 GB,Yes,4.3,13799,13799,OPPO A31,0,0
Apple,iPhone 7 ,Gold,2 GB,32 GB,Yes,4.5,24999,31500,Apple iPhone 7 ,6501,20.63809524
OPPO,F7,Black,6 GB,128 GB,Yes,4.5,27990,27990,OPPO F7,0,0
vivo,T1 5G,Rainbow Fantasy,8 GB,128 GB,Yes,,19990,23990,vivo T1 5G,4000,16.67361401
LG,G4 Stylus 4G LTE ,Titan,1 GB,16 GB,Yes,3.6,7000,14990,LG G4 Stylus 4G LTE ,7990,53.30220147
SAMSUNG,Galaxy J5 ,White,1.5 GB,8 GB,Yes,4.3,11390,11390,SAMSUNG Galaxy J5 ,0,0
SAMSUNG,Galaxy S3 Neo ,Marble White,1.5 GB,16 GB,Yes,4.3,13499,13500,SAMSUNG Galaxy S3 Neo ,1,0.007407407
SAMSUNG,Galaxy A31 ,Prism Crush Blue,6 GB,128 GB,Yes,4.3,16999,23999,SAMSUNG Galaxy A31 ,7000,29.167882
SAMSUNG,Galaxy A3 ,Midnight Black,1 GB,16 GB,Yes,4,9999,9999,SAMSUNG Galaxy A3 ,0,0
Google Pixel,3,Not Pink,4 GB,64 GB,Yes,4.5,71000,71000,Google Pixel 3,0,0
Infinix,Smart HD 2021,Quartz Green,2 GB,32 GB,Yes,4.3,7990,7990,Infinix Smart HD 2021,0,0
Motorola,C Plus,Fine Gold,2 GB,16 GB,Yes,4.2,6999,6999,Motorola C Plus,0,0
SAMSUNG,Galaxy J6 ,Blue,4 GB,64 GB,Yes,4.5,9490,17108,SAMSUNG Galaxy J6 ,7618,44.52887538
vivo,U10,Thunder Black,3 GB,32 GB,Yes,4.4,10990,10990,vivo U10,0,0
Nokia,225,Black,8 MB,Expandable Upto 32 GB,Yes,4,3499,3499,Nokia 225,0,0
Nokia,Asha 206,Black,32 MB,64 MB,Yes,3.8,4300,4300,Nokia Asha 206,0,0
Xiaomi,Mi 11X ,Cosmic Black,6 GB,128 GB,Yes,4.4,24283,28700,Xiaomi Mi 11X ,4417,15.3902439
Xiaomi,Mi 11X ,Celestial Silver,6 GB,128 GB,Yes,4.2,24744,25990,Xiaomi Mi 11X ,1246,4.794151597
SAMSUNG,Guru FM Plus,Black,128 MB,2 MB,Yes,4.2,1450,1450,SAMSUNG Guru FM Plus,0,0
vivo,Y20G ,Purist Blue,2 GB,32 GB,Yes,4.2,49990,54990,vivo Y20G ,5000,9.092562284
vivo,Y71i,Gold,2 GB,16 GB,Yes,4.3,8990,8990,vivo Y71i,0,0
POCO,M3 ,Power Black,4 GB,64 GB,Yes,4.3,10999,11999,POCO M3 ,1000,8.334027836
ASUS,Zenfone Selfie ,Red,2 GB,16 GB,Yes,3.9,15999,15999,ASUS Zenfone Selfie ,0,0
ASUS,6Z ,Black,8 GB,256 GB,Yes,4.3,43999,43999,ASUS 6Z ,0,0
Motorola,G8 Power Lite ,Royal Blue,4 GB,64 GB,Yes,4.3,9999,9999,Motorola G8 Power Lite ,0,0
Apple,iPhone 13 Pro Max,Sierra Blue,4GB,1 TB,Yes,4.7,179900,179900,Apple iPhone 13 Pro Max,0,0
SAMSUNG,Galaxy On7 ,Gold,1.5 GB,8 GB,Yes,4.2,8490,8490,SAMSUNG Galaxy On7 ,0,0
SAMSUNG,Galaxy On Nxt ,Black,3 GB,16 GB,Yes,4.3,11200,11200,SAMSUNG Galaxy On Nxt ,0,0
LG,G4 ,Genuine Leather Brown,3 GB,32 GB,Yes,4,30600,30600,LG G4 ,0,0
Nokia,3.2,Black,2 GB,16 GB,Yes,3.8,9999,9999,Nokia 3.2,0,0
Lenovo,K6 Note ,Gold,3 GB,32 GB,Yes,4.1,6250,6250,Lenovo K6 Note ,0,0
Motorola,E7 Power ,Tahiti Blue,4 GB,64 GB,Yes,4.1,8799,11999,Motorola E7 Power ,3200,26.66888907
GIONEE,P5 Mini ,Red,1 GB,8 GB,Yes,3.8,3990,3990,GIONEE P5 Mini ,0,0
Nokia,3.4,Fjord,4 GB,64 GB,Yes,3.9,11999,13999,Nokia 3.4,2000,14.28673477
Xiaomi,Redmi Note 7 Pro ,Space Black,4 GB,64 GB,Yes,4.5,13499,14500,Xiaomi Redmi Note 7 Pro ,1001,6.903448276
SAMSUNG,Galaxy Note 8 ,Maple Gold,6 GB,64 GB,Yes,4.6,35990,74000,SAMSUNG Galaxy Note 8 ,38010,51.36486486
POCO,M3 Pro 5G ,Yellow,6 GB,128 GB,Yes,4.2,16499,17999,POCO M3 Pro 5G ,1500,8.333796322
OPPO,F19 Pro+ 5G,Space Silver,8 GB,128 GB,Yes,4.3,25990,29990,OPPO F19 Pro+ 5G,4000,13.33777926
GIONEE,Pioneer P4S ,Black,1 GB,8 GB,Yes,3.5,3999,3999,GIONEE Pioneer P4S ,0,0
Apple,iPhone 13 Pro Max,Graphite,4GB,1 TB,Yes,4.7,179900,179900,Apple iPhone 13 Pro Max,0,0
Apple,iPhone 7 Plus ,Black,3 GB,128 GB,Yes,4.5,42900,42900,Apple iPhone 7 Plus ,0,0
SAMSUNG,Galaxy A12 ,Black,6 GB,128 GB,Yes,3.9,15843,17480,SAMSUNG Galaxy A12 ,1637,9.364988558
vivo,Y72 5G ,Prism Magic,4 GB,64 GB,Yes,4.4,19990,24990,vivo Y72 5G ,5000,20.0080032
Motorola,E7 Plus ,Twilight Orange,4 GB,64 GB,Yes,4.2,8999,12999,Motorola E7 Plus ,4000,30.77159782
realme,Narzo 50A ,Oxygen Green,4 GB,128 GB,Yes,4.3,12499,13999,realme Narzo 50A ,1500,10.71505108
Apple,iPhone 13 Pro ,Silver,6 GB,256 GB,Yes,,129900,129900,Apple iPhone 13 Pro ,0,0
realme,8,Cyber Silver,6 GB,128 GB,Yes,4.3,16999,17999,realme 8,1000,5.555864215
HTC,One E9+,Gold and Silver,3 GB,32 GB,Yes,4.1,53900,53900,HTC One E9+,0,0
HTC,Desire 816G,Blue,1 GB,16 GB,Yes,4,21999,21999,HTC Desire 816G,0,0
SAMSUNG,Galaxy S10 Lite ,Prism Black,8 GB,128 GB,Yes,4.5,40999,43999,SAMSUNG Galaxy S10 Lite ,3000,6.81833678
SAMSUNG,Galaxy On8 ,Blue,4 GB,64 GB,Yes,4.4,19990,19990,SAMSUNG Galaxy On8 ,0,0
Apple,iPhone 6s Plus ,Rose Gold,2 GB,32 GB,Yes,4.4,34900,34900,Apple iPhone 6s Plus ,0,0
GIONEE,Marathon M5 Plus ,Polar Gold,3 GB,64 GB,Yes,4.1,8499,28099,GIONEE Marathon M5 Plus ,19600,69.75337201
Xiaomi,Mi A2 ,Gold,4 GB,64 GB,Yes,4.4,12499,12499,Xiaomi Mi A2 ,0,0
Apple,iPhone 7 ,Red,2 GB,128 GB,Yes,4.5,34900,34900,Apple iPhone 7 ,0,0
SAMSUNG,Galaxy F02s ,Diamond Blue,4 GB,64 GB,Yes,4.2,10499,11499,SAMSUNG Galaxy F02s ,1000,8.696408383
Xiaomi,Redmi Note 9 Pro ,Champagne Gold,6 GB,128 GB,Yes,4.3,18499,18999,Xiaomi Redmi Note 9 Pro ,500,2.631717459
Apple,iPhone 13 Pro Max,Gold,4GB,1 TB,Yes,4.7,179900,179900,Apple iPhone 13 Pro Max,0,0
SAMSUNG,Z1 ,White,768 MB,4 GB,Yes,3.5,3990,3990,SAMSUNG Z1 ,0,0
Apple,iPhone 13 Pro ,Silver,6 GB,1 TB,Yes,,169900,169900,Apple iPhone 13 Pro ,0,0
Xiaomi,Mi A2 ,Gold,6 GB,128 GB,Yes,4.3,14398,14398,Xiaomi Mi A2 ,0,0
SAMSUNG,Galaxy A7 2016 Edition ,Gold,3 GB,16 GB,Yes,4.1,17490,17490,SAMSUNG Galaxy A7 2016 Edition ,0,0
Xiaomi,Redmi 7A ,Matte Gold,2 GB,16 GB,Yes,4.5,6499,6499,Xiaomi Redmi 7A ,0,0
ASUS,Zenfone Go 4.5 LTE ,Silver Blue,1 GB,8 GB,Yes,3.6,4890,4890,ASUS Zenfone Go 4.5 LTE ,0,0
SAMSUNG,Galaxy S6 ,Black Sapphire,3 GB,32 GB,Yes,4,33900,33900,SAMSUNG Galaxy S6 ,0,0
OPPO,Reno 10x Zoom,Ocean Green,6 GB,128 GB,Yes,4.5,38990,41990,OPPO Reno 10x Zoom,3000,7.144558228
Xiaomi,Redmi 7 ,Eclipse Black,2 GB,32 GB,Yes,4.3,9490,9490,Xiaomi Redmi 7 ,0,0
Nokia,Asha 502 ,Yellow,64 MB,Expandable Upto 32 GB,Yes,3.6,3799,3799,Nokia Asha 502 ,0,0
OPPO,A83,Red,4 GB,64 GB,Yes,4.3,13990,13990,OPPO A83,0,0
SAMSUNG,Galaxy A50 ,Black,4 GB,64 GB,Yes,4.3,21000,21000,SAMSUNG Galaxy A50 ,0,0
GIONEE,Max ,Red,2 GB,32 GB,Yes,4.1,6299,7990,GIONEE Max ,1691,21.16395494
SAMSUNG,Galaxy S6 Edge+ ,Silver Titanium,4 GB,32 GB,Yes,4.2,34999,34999,SAMSUNG Galaxy S6 Edge+ ,0,0
OPPO,A5s,Blue,4 GB,64 GB,Yes,4.4,10990,15990,OPPO A5s,5000,31.26954346
LG,W30 Pro ,Midnight Blue,4 GB,64 GB,Yes,3.8,13775,14500,LG W30 Pro ,725,5
Motorola,Razr 5G ,Polished Graphite,8 GB,256 GB,Yes,4,89999,149999,Motorola Razr 5G ,60000,40.00026667
IQOO,3,Tornado Black,8 GB,256 GB,Yes,4.4,37990,40990,IQOO 3,3000,7.318858258
SAMSUNG,M52 5G,Icy Blue,6 GB,128 GB,Yes,4.3,25489,28449,SAMSUNG M52 5G,2960,10.40458364
SAMSUNG,Galaxy A8 Star ,White,6 GB,64 GB,Yes,4.3,18990,18990,SAMSUNG Galaxy A8 Star ,0,0
SAMSUNG,Galaxy Note 20 Ultra 5G ,Mystic Black,12 GB,256 GB,Yes,4.5,91999,116000,SAMSUNG Galaxy Note 20 Ultra 5G ,24001,20.69051724
realme,Narzo 50i ,Mint Green,4 GB,64 GB,Yes,4.3,8999,9999,realme Narzo 50i ,1000,10.0010001
GIONEE,F205 Pro ,Champagne,2 GB,16 GB,Yes,4.1,6990,6990,GIONEE F205 Pro ,0,0
Apple,iPhone 6s Plus ,Gold,2 GB,64 GB,Yes,4.4,59999,59999,Apple iPhone 6s Plus ,0,0
SAMSUNG,Galaxy S9 ,Midnight Black,4 GB,128 GB,Yes,4.4,61900,61900,SAMSUNG Galaxy S9 ,0,0
SAMSUNG,Galaxy Note 20 ,Mystic Bronze,8 GB,256 GB,Yes,4.3,77999,86000,SAMSUNG Galaxy Note 20 ,8001,9.303488372
GIONEE,S6 ,Gold,3 GB,32 GB,Yes,3.8,7999,20924,GIONEE S6 ,12925,61.77117186
Xiaomi,REDMI Note 10S ,Deep Sea Blue,6 GB,128 GB,Yes,4.3,17995,18950,Xiaomi REDMI Note 10S ,955,5.039577836
vivo,Y20G ,Obsidian Black,6 GB,128 GB,Yes,4.3,13400,13400,vivo Y20G ,0,0
SAMSUNG,Galaxy J6 ,Blue,3 GB,32 GB,Yes,4.4,12990,12990,SAMSUNG Galaxy J6 ,0,0
POCO,F1,Rosso Red,6 GB,128 GB,Yes,4.5,24999,24999,POCO F1,0,0
SAMSUNG,Galaxy F23 5G,Forest Green,6 GB,128 GB,Yes,4,16999,23999,SAMSUNG Galaxy F23 5G,7000,29.167882
vivo,V20 2021 ,Sunset Melody,12 GB,256 GB,Yes,4.4,15490,19490,vivo V20 2021 ,4000,20.52334531
GIONEE,M7 Power ,Gold,4 GB,64 GB,Yes,4.1,15399,15399,GIONEE M7 Power ,0,0
Nokia,G20 ,Night,4 GB,64 GB,Yes,,14490,14490,Nokia G20 ,0,0
HTC,U11,Brilliant Black,6 GB,128 GB,Yes,4.6,53990,53990,HTC U11,0,0
ASUS,ZenFone Max Pro M2 ,Titanium,6 GB,64 GB,Yes,4.3,19999,19999,ASUS ZenFone Max Pro M2 ,0,0
Apple,iPhone X ,Silver,3 GB,256 GB,Yes,4.6,106900,106900,Apple iPhone X ,0,0
SAMSUNG,Galaxy A03s ,Black,3 GB,32 GB,Yes,4,11499,13499,SAMSUNG Galaxy A03s ,2000,14.81591229
OPPO,Reno3 Pro,Sky White,8 GB,256 GB,Yes,4.4,27990,35990,OPPO Reno3 Pro,8000,22.22839678
Lenovo,Vibe S1 ,Dark Blue,3 GB,32 GB,Yes,,13490,13490,Lenovo Vibe S1 ,0,0
Lenovo,K8 Note ,Venom Black,3 GB,32 GB,Yes,4.1,7819,7819,Lenovo K8 Note ,0,0
SAMSUNG,Galaxy F41 ,Fusion Blue,6 GB,64 GB,Yes,4.3,15999,19999,SAMSUNG Galaxy F41 ,4000,20.00100005
realme,C25 ,Watery Grey,4 GB,128 GB,Yes,4.4,10999,11999,realme C25 ,1000,8.334027836
Xiaomi,Redmi 9A ,Sea Blue,3 GB,32 GB,Yes,4.1,8498,8525,Xiaomi Redmi 9A ,27,0.316715543
Nokia,6.1,Gold,4 GB,32 GB,Yes,4,9500,9500,Nokia 6.1,0,0
OPPO,Reno 10x Zoom,Jet Black,8 GB,256 GB,Yes,4.4,41990,55990,OPPO Reno 10x Zoom,14000,25.00446508
Infinix,Hot 10S,Morandi Green,6 GB,64 GB,Yes,4.3,10999,13999,Infinix Hot 10S,3000,21.43010215
SAMSUNG,Galaxy J6 Plus ,Red,4 GB,64 GB,Yes,4.3,13600,13600,SAMSUNG Galaxy J6 Plus ,0,0
OPPO,F9 Pro,Starry purple,6 GB,128 GB,Yes,4.5,21990,27990,OPPO F9 Pro,6000,21.43622722
OPPO,A83 2018 Edition,Blue,4 GB,64 GB,Yes,4.3,15000,15000,OPPO A83 2018 Edition,0,0
LG,Velvet ,AURORA SILVER,6 GB,128 GB,Yes,4.2,29999,29999,LG Velvet ,0,0
Apple,iPhone 6s ,Rose Gold,2 GB,32 GB,Yes,4.5,25299,29900,Apple iPhone 6s ,4601,15.38795987
Apple,iPhone 12 ,White,4GB,256 GB,Yes,4.6,78999,80900,Apple iPhone 12 ,1901,2.349814586
Nokia,6.1,Iron,3 GB,32 GB,Yes,4.2,17979,17979,Nokia 6.1,0,0
Nokia,5.1 Plus ,White,3 GB,32 GB,Yes,4.3,13199,13199,Nokia 5.1 Plus ,0,0
Google Pixel,3 XL ,Not Pink,4 GB,64 GB,Yes,4.6,83000,83000,Google Pixel 3 XL ,0,0
SAMSUNG,Galaxy J4 Plus ,Black,2 GB,32 GB,Yes,4.3,9000,9000,SAMSUNG Galaxy J4 Plus ,0,0
SAMSUNG,Galaxy A51 ,Prism Crush Black,6 GB,128 GB,Yes,4.3,20999,25999,SAMSUNG Galaxy A51 ,5000,19.2315089
OPPO,F11 Pro,Waterfall Grey,6 GB,128 GB,Yes,4.5,14990,29990,OPPO F11 Pro,15000,50.01667222
SAMSUNG,Galaxy S21 Plus ,Phantom Black,8 GB,256 GB,Yes,4.4,75999,104999,SAMSUNG Galaxy S21 Plus ,29000,27.61931066
Nokia,6.1,White,4 GB,64 GB,Yes,4,12499,16990,Nokia 6.1,4491,26.433196
SAMSUNG,Galaxy Star Advance ,White,512 MB,4 GB,Yes,3.8,5499,5499,SAMSUNG Galaxy Star Advance ,0,0
OPPO,F9,Stellar Purple,4 GB,64 GB,Yes,4.5,17890,21990,OPPO F9,4100,18.64483856
GIONEE,F205 ,Black and Gold,2 GB,16 GB,Yes,4,8479,8479,GIONEE F205 ,0,0
GIONEE,P5L ,Yellow,1 GB,16 GB,Yes,3.7,3990,7999,GIONEE P5L ,4009,50.11876485
POCO,M3 Pro 5G ,Cool Blue,6 GB,128 GB,Yes,4.2,16499,17999,POCO M3 Pro 5G ,1500,8.333796322
Lenovo,A6000 Plus ,Black,2 GB,16 GB,Yes,4.1,7499,7499,Lenovo A6000 Plus ,0,0
Nokia,C3 ,Nordic Blue,3 GB,32 GB,Yes,3.8,7499,9999,Nokia C3 ,2500,25.00250025
LG,Q6 ,Gold,3 GB,32 GB,Yes,4,16990,16990,LG Q6 ,0,0
Apple,iPhone 12 ,Black,4GB,128 GB,Yes,4.6,68999,70900,Apple iPhone 12 ,1901,2.681241185
Apple,iPhone 13 Pro Max,Silver,4GB,1 TB,Yes,4.7,179900,179900,Apple iPhone 13 Pro Max,0,0
realme,X2 ,Pearl Blue,8 GB,256 GB,Yes,4.5,24999,24999,realme X2 ,0,0
SAMSUNG,Galaxy Note 5 ,Silver Titanium,4 GB,32 GB,Yes,4.1,46300,46300,SAMSUNG Galaxy Note 5 ,0,0
realme,Narzo 30A ,Laser Blue,3 GB,32 GB,Yes,4.3,8999,9999,realme Narzo 30A ,1000,10.0010001
ASUS,Zenfone Live ,Pink,2 GB,16 GB,Yes,4,7999,7999,ASUS Zenfone Live ,0,0
GIONEE,Pioneer P3 ,White,512 MB,4 GB,Yes,3.6,2350,7996,GIONEE Pioneer P3 ,5646,70.61030515
Lenovo,Vibe K5 Plus ,Silver,3 GB,16 GB,Yes,4,8499,8499,Lenovo Vibe K5 Plus ,0,0
Nokia,2.2,Steel,3 GB,32 GB,Yes,4,9599,9599,Nokia 2.2,0,0
Apple,iPhone XS Max ,Space Grey,4 GB,256 GB,Yes,4.6,78999,124900,Apple iPhone XS Max ,45901,36.75020016
Xiaomi,Redmi 6 Pro ,Red,3 GB,32 GB,Yes,4.5,9990,9990,Xiaomi Redmi 6 Pro ,0,0
realme,C11 ,Rich Grey,2 GB,32 GB,Yes,4.4,7499,8999,realme C11 ,1500,16.66851872
Apple,iPhone 12 Pro ,Graphite,6 GB,512 GB,Yes,4.6,139900,139900,Apple iPhone 12 Pro ,0,0
GIONEE,Max Pro ,Red,3 GB,32 GB,Yes,3.8,7299,9999,GIONEE Max Pro ,2700,27.00270027
vivo,V9 Youth,Black,4 GB,32 GB,Yes,4.4,19899,19990,vivo V9 Youth,91,0.455227614
SAMSUNG,Galaxy M30 ,Gradation Black,4 GB,64 GB,Yes,4.4,13589,16490,SAMSUNG Galaxy M30 ,2901,17.59248029
realme,3,Radiant Blue,3 GB,64 GB,Yes,4.5,9499,11999,realme 3,2500,20.83506959
Xiaomi,Mi 11X Pro 5G ,Cosmic Black,8 GB,128 GB,Yes,4.4,39999,39999,Xiaomi Mi 11X Pro 5G ,0,0
SAMSUNG,Galaxy A70s ,Prism Crush Black,8 GB,128 GB,Yes,4.3,30500,33100,SAMSUNG Galaxy A70s ,2600,7.854984894
Xiaomi,11 Lite NE,Jazz Blue,8 GB,128 GB,Yes,4.3,25684,25684,Xiaomi 11 Lite NE,0,0
Apple,iPhone 7 Plus ,Rose Gold,3 GB,256 GB,Yes,4.5,85400,85400,Apple iPhone 7 Plus ,0,0
SAMSUNG,Fold 2 5G ,Black,12 GB,256 GB,Yes,,169999,169999,SAMSUNG Fold 2 5G ,0,0
Apple,iPhone XS ,Silver,4 GB,64 GB,Yes,4.7,62999,89900,Apple iPhone XS ,26901,29.92324805
Infinix,Note 10 Pro,Nordic Secret,8 GB,256 GB,Yes,4.2,16999,19999,Infinix Note 10 Pro,3000,15.00075004
Nokia,6.2,Black,4 GB,64 GB,Yes,4.2,12849,18999,Nokia 6.2,6150,32.37012474
HTC,Wildfire X ,Blue,4 GB,128 GB,Yes,3.9,17999,17999,HTC Wildfire X ,0,0
GIONEE,F103 ,Pearl White,2 GB,16 GB,Yes,4,4489,9999,GIONEE F103 ,5510,55.10551055
Apple,iPhone 6s Plus ,Silver,2 GB,32 GB,Yes,4.4,34900,34900,Apple iPhone 6s Plus ,0,0
Motorola,One Action ,Denim Blue,4 GB,128 GB,Yes,4.2,10999,16999,Motorola One Action ,6000,35.29619389
vivo,V7  ,Energetic Blue,4 GB,32 GB,Yes,4.4,15990,15990,vivo V7  ,0,0
realme,X3 SuperZoom ,Arctic White,8 GB,256 GB,Yes,4.3,29999,31999,realme X3 SuperZoom ,2000,6.250195319
LG,K-7 ,Titan,1.5 GB,8 GB,Yes,4.1,6590,6590,LG K-7 ,0,0
LG,W11 ,Black,3 GB,32 GB,Yes,4,7690,7799,LG W11 ,109,1.397615079
SAMSUNG,Galaxy A7 ,Black,6 GB,128 GB,Yes,4.4,24600,24600,SAMSUNG Galaxy A7 ,0,0
Motorola,G7 Power,Ceramic Black,4 GB,64 GB,Yes,4.3,15999,15999,Motorola G7 Power,0,0
realme,X2 ,Pearl Green,8 GB,128 GB,Yes,4.5,20999,20999,realme X2 ,0,0
SAMSUNG,Galaxy J2 Core ,Blue,1 GB,8 GB,Yes,4.2,6500,6500,SAMSUNG Galaxy J2 Core ,0,0
Nokia,6.1,Gold,4 GB,64 GB,Yes,4,18300,18300,Nokia 6.1,0,0
GIONEE,S6 ,Rose Gold,3 GB,32 GB,Yes,3.8,6600,6600,GIONEE S6 ,0,0
POCO,M2  ,Brick Red,6 GB,64 GB,Yes,4.4,10499,12999,POCO M2  ,2500,19.23224863
HTC,Desire 816  ,White  ,1.5 GB,8 GB,Yes,4.1,27390,27390,HTC Desire 816  ,0,0
Nokia,6310,Black,8 MB,16 MB,Yes,,4189,4189,Nokia 6310,0,0
Nokia,105,Black,32 MB,2 MB,Yes,4.1,1344,1344,Nokia 105,0,0
Xiaomi,Mi 10T ,Cosmic Black,6 GB,128 GB,Yes,4.2,32999,39999,Xiaomi Mi 10T ,7000,17.50043751
realme,X3 SuperZoom ,Arctic White,12 GB,256 GB,Yes,4.2,32999,34999,realme X3 SuperZoom ,2000,5.714448984
Nokia,7 Plus ,White & Copper,4 GB,64 GB,Yes,4.3,15999,15999,Nokia 7 Plus ,0,0
ASUS,Zenfone Selfie ,Grey,3 GB,32 GB,Yes,4,17999,17999,ASUS Zenfone Selfie ,0,0
realme,5 Pro ,Sparkling Blue,8 GB,128 GB,Yes,4.5,16999,17999,realme 5 Pro ,1000,5.555864215
Apple,iPhone 6 ,Space Grey,1 GB,64 GB,Yes,4.4,44999,44999,Apple iPhone 6 ,0,0
Xiaomi,Mi 10i ,Midnight Black,6 GB,128 GB,Yes,4.3,22950,24198,Xiaomi Mi 10i ,1248,5.157451029
realme,C35,Glowing Black,4 GB,128 GB,Yes,4.5,12999,14999,realme C35,2000,13.33422228
SAMSUNG,Galaxy A8 ,White,2 GB,32 GB,Yes,4.2,33500,33500,SAMSUNG Galaxy A8 ,0,0
Xiaomi,Mi 10 ,Coral Green,8 GB,256 GB,Yes,4.2,54999,59999,Xiaomi Mi 10 ,5000,8.333472225
GIONEE,Marathon M5 lite CDMA ,Gold,3 GB,32 GB,Yes,3.9,13649,13649,GIONEE Marathon M5 lite CDMA ,0,0
HTC,Desire 630,Sprinkle White,2 GB,16 GB,Yes,3.8,12570,12570,HTC Desire 630,0,0
realme,C12 ,Power Silver,3 GB,32 GB,Yes,4.4,8999,10999,realme C12 ,2000,18.18347122
Infinix,Smart 3 Plus,Mocha Brown,2 GB,32 GB,Yes,4.2,7999,7999,Infinix Smart 3 Plus,0,0
Nokia,C3 ,Sand,2 GB,16 GB,Yes,3.7,7299,7299,Nokia C3 ,0,0
Nokia,6.1,White,4 GB,32 GB,Yes,4,17000,17000,Nokia 6.1,0,0
Google Pixel,3 XL ,Clearly White,4 GB,128 GB,Yes,4.6,92000,92000,Google Pixel 3 XL ,0,0
Apple,iPhone 7 Plus ,Gold,3 GB,32 GB,Yes,4.5,36999,37900,Apple iPhone 7 Plus ,901,2.377308707
Xiaomi,REDMI 9 Power ,Blazing Blue,6 GB,128 GB,Yes,4.2,13499,16999,Xiaomi REDMI 9 Power ,3500,20.58944644
SAMSUNG,Galaxy Core ,Chic White,1 GB,8 GB,Yes,4,14700,14700,SAMSUNG Galaxy Core ,0,0
LG,Stylus 2 ,Brown,2 GB,16 GB,Yes,4.1,9999,9999,LG Stylus 2 ,0,0
GIONEE,P5L ,Gold,1 GB,16 GB,Yes,3.7,4290,4290,GIONEE P5L ,0,0
OPPO,A71k,Blue,3 GB,16 GB,Yes,4.4,10990,10990,OPPO A71k,0,0
realme,GT 5G ,Dashing Blue,8 GB,128 GB,Yes,4.3,37999,40999,realme GT 5G ,3000,7.31725164
Motorola,G5,Lunar Grey,3 GB,16 GB,Yes,4.2,5450,5450,Motorola G5,0,0
SAMSUNG,Galaxy Star 2 ,White,512 MB,4 GB,Yes,3.9,4890,4890,SAMSUNG Galaxy Star 2 ,0,0
Infinix,Note 5,Milan Black,4 GB,64 GB,Yes,4.2,12999,12999,Infinix Note 5,0,0
Infinix,Smart 5A,Quetzal Cyan,2 GB,32 GB,Yes,4.4,7199,7999,Infinix Smart 5A,800,10.00125016
Apple,iPhone 11 Pro Max ,Gold,4GB,256 GB,Yes,4.7,131900,131900,Apple iPhone 11 Pro Max ,0,0
SAMSUNG,Galaxy S21 ,Phantom White,8 GB,128 GB,Yes,4.3,69999,83999,SAMSUNG Galaxy S21 ,14000,16.66686508
Infinix,Note 10,Emerald Green,6 GB,128 GB,Yes,4.2,12499,14999,Infinix Note 10,2500,16.66777785
OPPO,F19 Pro,Crystal Silver,8 GB,128 GB,Yes,4.3,21990,23990,OPPO F19 Pro,2000,8.336807003
SAMSUNG,Galaxy Core 2 ,Black,768 MB,4 GB,Yes,3.9,5920,5920,SAMSUNG Galaxy Core 2 ,0,0
GIONEE,L700,Black,8 MB,16 MB,Yes,3.9,1099,1099,GIONEE L700,0,0
Infinix,Hot S3,Sandstone Black,4 GB,64 GB,Yes,4.1,11999,11999,Infinix Hot S3,0,0
realme,C15 Qualcomm Edition ,Power Silver,4 GB,64 GB,Yes,4.4,12999,12999,realme C15 Qualcomm Edition ,0,0
Motorola,G6 Plus ,Indigo Black,6 GB,64 GB,Yes,4.3,11829,11829,Motorola G6 Plus ,0,0
OPPO,A37f,Black,2 GB,16 GB,Yes,4.2,9990,9990,OPPO A37f,0,0
Xiaomi,Redmi Note 7 Pro ,Nebula Red,4 GB,64 GB,Yes,4.3,14999,14999,Xiaomi Redmi Note 7 Pro ,0,0
SAMSUNG,Galaxy E5 ,White,1.5 GB,16 GB,Yes,4.2,8490,8490,SAMSUNG Galaxy E5 ,0,0
vivo,V21e ,Dark Pearl,6 GB,64 GB,Yes,4.5,19990,24990,vivo V21e ,5000,20.0080032
realme,8 5G ,Supersonic Blue,4 GB,128 GB,Yes,4.3,16499,16999,realme 8 5G ,500,2.941349491
Xiaomi,Redmi Y2 ,Blue,4 GB,64 GB,Yes,4.3,10999,10999,Xiaomi Redmi Y2 ,0,0
Apple,iPhone 12 ,Green,4GB,64 GB,Yes,4.6,63999,65900,Apple iPhone 12 ,1901,2.884673748
Infinix,Hot 10S,Purple,6 GB,64 GB,Yes,4.3,10999,13999,Infinix Hot 10S,3000,21.43010215
Infinix,Note 5 Stylus,Bordeaux Red ,4 GB,64 GB,Yes,3.9,16999,16999,Infinix Note 5 Stylus,0,0
SAMSUNG,Galaxy Note 3 ,Classic White,3 GB,32 GB,Yes,4.2,50650,50650,SAMSUNG Galaxy Note 3 ,0,0
realme,C15 Qualcomm Edition ,Power Blue,4 GB,64 GB,Yes,4.4,12999,12999,realme C15 Qualcomm Edition ,0,0
Apple,iPhone SE ,Red,2 GB,256 GB,Yes,4.5,54900,54900,Apple iPhone SE ,0,0
realme,Narzo 10A ,So Blue,3 GB,32 GB,Yes,4.5,8999,9999,realme Narzo 10A ,1000,10.0010001
ASUS,Zenfone Go ,Gold,1 GB,8 GB,Yes,3.8,4649,4649,ASUS Zenfone Go ,0,0
OPPO,Reno3 Pro,Auroral Blue,8 GB,128 GB,Yes,4.4,24989,24989,OPPO Reno3 Pro,0,0
Nokia,7.1,Blue,4 GB,64 GB,Yes,4.1,11199,11199,Nokia 7.1,0,0
Nokia,2.1,Blue & Silver,1 GB,8 GB,Yes,4,7712,7712,Nokia 2.1,0,0
